word,Economic,Capacity and Resources,Morality,Fairness and Equality,"Legality, Constitutionality, Jurisdiction",Policy Prescription and Evaluation,Crime and Punishment,Security and Defense,Health and Safety,Quality of Life,Cultural Identity,Public Sentiment,Political,External Regulation and Reputation,Other
climate,-0.09943809211909481,0.00942396682099494,-0.0024498575925558427,-0.06102100333326887,0.052375072716994604,-0.007717602004958322,-0.02549257978754229,0.046237225936493244,-0.05010642472735173,-0.05788682036987676,-0.05842334507340716,0.169611277795156,0.04140958963456022,0.06630110324341758,-0.02282251113956002
change,0.030350919809347548,0.021975547784868328,0.07078652182855735,-0.0014922827869976844,-0.07491854877747012,0.008969629210968883,0.0016856517399738366,0.030589156727840412,-0.09127732239990242,-0.07205639304701539,0.05598989318331603,0.008095659232909828,0.06870650554412691,-0.0022505343419760133,-0.05515440370854832
global,0.12168038684598087,-0.11552594475853162,0.04715761983492233,-0.018463937969419333,-0.04686250254592631,-0.02894714150300278,-0.04259051811816904,0.019428168913120443,-0.0006449227481509025,-0.0907515549748151,0.1497958013514987,-0.03640079607527892,-0.07789341279655645,0.09487635643831165,0.02514239810601485
warming,-0.07968761377254167,0.1704713789245733,-0.0906523280064293,-0.021564406348824415,0.01851233612899821,0.04577474146836586,-0.03358994058843379,-0.09093902047492111,-0.125892719952005,0.11114886645200453,-0.024540887522261787,0.09466146034185496,0.08587368693096525,-0.041676722569021066,-0.01789883101232566
said,0.12650472850021988,0.0074548252999455215,-0.11486366113873125,-0.04930907208497318,0.05129110036557924,-0.16320726495180715,-0.03960443454252691,0.08222742744223453,0.045667584156181835,0.05261334792368729,-0.10027456111797348,0.0618937098975731,0.04179295783991874,0.060254226442736286,-0.062440914032063644
emission,0.05503769283576483,0.023461715473840513,0.0574610420998774,-0.10119128449845138,0.08824853694471874,0.12570062467806817,-0.018629659505279766,-0.01084496803162137,-0.20343681871786085,-0.06212088232881691,0.019978403085659818,-0.09543696729490644,0.04333838897642641,0.12264149822480706,-0.044207321942226076
gas,0.11278417149406288,0.09152398785326853,-0.004974413900765774,-0.03169055313426097,0.036773956115025756,0.12418287572752347,-0.012850754016789158,-0.1170432025748077,0.05413215716969049,-0.15412728865813802,-0.257177813195685,0.04112466704361855,0.1596155731000245,-0.00037140628865692227,-0.04190195673411088
state,-0.02300583064399447,-0.07565238222237158,-0.10529826701816222,0.05599504811875716,0.27212794596946366,0.0873998921928637,-0.022630995977085556,0.03169934580555537,-0.04172333226608119,-0.060716744341011424,-0.14151136882496004,-0.07033563784918356,0.10031167188685544,0.04244368536923731,-0.04910303019988323
year,0.044327589812329315,0.10981945864272959,-0.11586141356612029,-0.0685411849026803,-0.08042136337240294,-0.0033073141421829833,-0.019838612408998056,-0.14127766225014213,0.09712214888280583,0.2341589691811396,-0.039788093645568026,0.05280251751158384,0.008530452871145297,-0.05215933849858283,-0.02556615411505592
carbon,0.15223870158270875,0.046889034907378675,0.03964780978180781,-0.0315012826636463,-0.006341137155714474,0.08353224884411091,0.06143229917630722,-0.05347294913121781,-0.10282495239646156,0.041932268732918186,-0.10376314093455026,-0.08775755305077777,-0.03160338354406692,0.028392091261070673,-0.03680005540986817
would,0.12840930462482497,0.05629268517955959,-0.12245528846404949,-0.0618187736189709,-0.02506440207277968,0.1550920262367432,-0.029880311658832568,-0.08611829411575399,-0.05910596798923437,-0.019852987355223516,-0.013636395677237227,-0.015406638313342722,0.09812443002926378,0.011428109108253355,-0.016007495913221745
greenhouse,-0.006855194456091442,0.06689707696512742,-0.0334439479922468,-0.021567808302444095,-0.0014525222147968684,0.09561321534794133,0.0037853305352563583,-0.07184164463485788,-0.0349092483477032,-0.08849822540694871,-0.07743577758383302,0.08498124639642073,-0.062122173376106364,0.17754480264205932,-0.030695129571776735
new,0.060294814448095375,0.013443344613698479,-0.17512330214536762,-0.07361366660942059,0.019052029692752014,0.08978142874360136,-0.0101745332024995,0.03701236161377746,0.033599872336340264,0.0025682854921310295,-0.04733604308932974,0.08613832380291597,-0.02048146668442424,0.02664961572042202,-0.041811064732692
energy,0.10659726145955223,0.12821697296104057,-0.11405476062582477,-0.08737558786615252,-0.08247005796140763,0.1548689817014024,-0.04695390041083238,0.0419607506701582,-0.18754821557241774,0.053122006028603175,-0.0722850058691902,0.011780267863152,0.06346569725710301,0.04245487747611468,-0.01177928711130196
scientist,-0.1876101390716372,0.20437936987846822,-0.09386729881567134,0.005049024680619848,0.09861879431305998,-0.052033970762273084,-0.0007576912308722933,-0.11070797761764202,0.09234206137028764,0.11281995051154162,-0.07965382192162532,-0.11894057065233594,0.12953191140381928,-0.03383244283833883,0.034662800752600344
world,-0.02359429621352625,0.026851617209460294,0.06829939502482678,0.02831706766703285,-0.13249976908648256,0.04341919985171677,0.050844594984880205,0.025180518654793205,0.017782671999563317,0.04898631648606522,-0.043331952012889086,-0.124752915238704,-0.1458133415724788,0.1922719098446402,-0.03196101759889813
u,-0.0023182302387696756,-0.016206955260869522,0.1504815092232771,-0.018530522955580612,0.03222912038829239,-0.08368571694186178,-0.042408224996172264,0.06821837415782232,0.0050524037364290215,-0.04052265060002793,-0.06800047077274192,-0.013234744522264759,-0.019234859383756433,0.05695976177016788,-0.008798793603944111
united,-0.05913001283815852,-0.011827094044575145,0.06724613695014439,-0.03897900612302486,-0.13668789408339613,-0.12871502149222097,0.03819302833873331,0.21117055652303607,0.007521586005163563,-0.047807423626759576,-0.06067427184528111,0.04123212170214832,-0.13822178115781228,0.28010431955468673,-0.023425243862684558
environmental,-0.14622383569634925,0.0489890122498321,0.0872703152988899,0.1984109649346647,0.12046250607650648,-0.0287759438676076,0.0057791070604596454,-0.13199339428840148,-0.060975805045348226,-0.15211335643762827,0.018250046708210673,0.050617932427330696,0.0903181812987891,-0.11641706928527314,0.016401338565924985
dioxide,-0.010808667098533268,0.05539878593909731,-0.09909120472048623,0.004992742570364332,0.15106150278839245,0.0855174925403848,-0.030673187280081744,-0.0692371329198756,-0.06036570741472219,0.08624064612161583,-0.07109427226961222,-0.006553644526696771,0.0020925091141316674,-0.019025529591800986,-0.018454333252178597
percent,0.05699696392041419,0.13507474035492628,0.04119409651356493,-0.018452039041868845,-0.18271969673638555,0.08503317730017129,-0.027856713449161026,-0.13318543211788103,-0.12203422471369403,-0.040653742671207097,-0.02877307644511718,0.2990319772157522,-0.014223887317196059,-0.02981530540509372,-0.01961683740722387
president,0.06094818633686208,-0.03653646564937717,0.08235435537507153,-0.01849046111014622,-0.12610085591233058,0.06645588495004048,-0.030734608628231477,-0.06394534562332903,-0.009792249076426902,-0.14879023205530056,-0.06590142405078836,-0.0714053611528561,0.33920038625929344,-0.0009342133295587148,0.023672403667077326
could,0.01242001778815219,0.16440285182056072,-0.05899469139867382,-0.022433512962859857,-0.012779722913460476,-0.008784627196508913,-0.012746723126239208,0.06850252136771605,0.06964118595343423,0.04543862044879663,0.007034753794186534,-0.1736607096036618,0.0018543110233780148,-0.053550712488240226,-0.026343562506580587
one,0.07133931068881402,0.046671735176601094,-0.019918358825053595,0.048385797467732555,-0.05279983630089783,-0.020625470679771423,-0.02013768037883584,-0.12107107765787264,0.07382059860794307,0.0071555266135854365,-0.011236851912621412,0.007863058698205026,-0.021757854697593712,0.02242100427685898,-0.010109901077093687
say,-0.1044246838305995,-0.07295247620883427,0.012010664153854978,0.009838063929048822,-0.017020453367035504,-0.14442765365473462,-0.016112660944470728,-0.006762482519838265,0.03170742057574262,0.15056603990691886,0.02163539938924564,0.17079362669058093,0.0007909770407134338,-0.029871817442049593,-0.00576996371854262
nation,-0.1270759440461783,-0.10857726795756231,0.0006065907459574324,-0.044051222777394664,-0.1186232839470411,0.11769055621296205,-0.0023438622877221494,0.043391168207281026,-0.10499962769498249,-0.11781567356010184,-0.06468636527483437,0.09504976604289932,0.04835678043128719,0.4022245313856106,-0.019146145480180225
country,-0.08868915242612976,-0.13160148433692415,-0.024737752612496385,-0.040292258693581544,-0.04571228546794706,-0.010506422831425694,-0.027874109437824156,0.06497649883015481,0.11750411041844967,-0.1227852007385724,-0.031000250192368194,0.10975269843450781,-0.1853873789999706,0.43597275578744016,-0.019619767733312223
temperature,-0.0782914295901263,0.14152123759798396,-0.05659123076899209,-0.04780357860648877,-0.04118274993445916,-0.06861976197466868,0.038821315600766376,-0.041762182318483686,0.00801931698805457,0.30268413685681683,-0.09632813450270068,-0.030499511538758475,0.02217642497107473,-0.02887391487785648,-0.023269937902162398
power,0.06131515986566323,0.09734395349732913,0.038717253208627116,-0.0022132133951767124,0.15704810897281535,-0.037911965764137086,-0.003248193586364305,-0.07039990415706834,0.01136941802234223,-0.04613205136267747,-0.027769557311437213,-0.053763333078755755,0.007894771386341405,-0.11271658218637146,-0.019533864111130516
plant,-0.051358557814947234,0.1759518095374665,-0.13659029459408925,0.009352948224603886,0.02078485568182029,0.07945804069318682,0.0007215621250742434,-0.06460109197458443,0.012298470529948898,0.00464190404906617,-0.09753229337025639,0.18105241154897767,-0.002475569735327531,-0.11603298380945816,-0.015671211091481545
report,0.0072620731329226225,0.1343506753285162,-0.04713640034247316,0.05465624819761231,-0.1426708422974977,0.00991301222287217,-0.00799325217803086,0.15087669889958136,-0.0007752123129294502,0.0693258520012068,-0.0620113364283749,-0.07961713707378987,-0.08115580756824135,0.01682195692381616,-0.02184652850519019
last,0.005059230140353554,-0.06262064287816335,0.010054157187521739,0.002516964421047037,0.1310013639574203,0.10306112790523794,-0.02745941921301843,-0.0191485895422655,0.0372437547622993,0.018647482634861903,-0.04724081629941205,-0.16566910459636025,0.03946398071800584,-0.0039305742583678055,-0.0209789149391606
level,-0.09465930504680416,0.06579198657626598,-0.146510405763231,0.006876928848987123,-0.10430064787681077,0.12800454145199713,-0.02615720179766212,0.06089493761058921,0.13022475351944834,0.010672819689154248,-0.007733119875996128,-0.06647500605750122,0.024694366646473707,0.03765336212681263,-0.018978010051722623
administration,-0.08379317241233221,-0.08047194834898866,-0.07297545051635645,0.06877482451956725,0.07028101495652535,0.1794077944114304,-0.019837557926905905,-0.0689470038375788,-0.018479112616143996,0.058488294241513396,-0.13393058578047867,-0.11916698399770648,0.21412911234458692,0.02156037826573676,-0.015039603302868446
also,0.024151647798593318,0.07249840768689443,-0.015164085918634978,-0.027175626308253233,-0.03714215020625683,-0.19402273873121448,0.019767995259724946,-0.04438371326568368,0.1488653995669611,-0.11806078632070381,0.0012781497465626005,-0.05733200081526844,0.009480211034978554,0.21391699542019582,0.003322295052104452
study,0.004104757658929153,0.1173181311640443,-0.12006796095767171,0.040926168013405824,-0.08097089039314895,-0.12689843193211747,0.06639075051035155,0.02471868483034024,0.2147396850559537,0.009411720760326845,-0.01614128929642017,0.0609778851675962,-0.12092881281405986,-0.054476837932361306,-0.019103559835167844
fuel,-0.019815433659731565,0.10226781238610015,0.08101099783510074,-0.013052637006809574,-0.04330713578249112,0.04383093675993418,-0.0017641866944613962,0.12054223081882548,-0.1267358701041052,-0.009864461920679307,0.01776058628310599,-0.005566890656559267,-0.05357951734668391,-0.07359353332277026,-0.018132897588774552
time,-0.0474809132608263,0.01779804049995399,-0.050174946428173994,0.015154337808884791,-0.09619622350439867,0.040632112061435216,-0.006811545242348951,0.018354449142911605,-0.0027786704134046265,0.03546174757775155,0.13626632048926282,0.002250820180288836,0.033773549809033014,-0.07186015732717489,-0.024388921393194252
national,-0.04248210076229594,0.020881495372801786,0.01670347902271337,-0.029851257066761904,-0.11601395024658309,-0.06416078911926151,0.017829448380774427,0.32861059824532285,-0.050373663033208324,0.06508595819194737,0.17637566548428268,-0.10199505018920015,-0.03716348458329501,-0.16105886573221462,-0.022387483965022426
bush,-0.1267474922217194,-0.10169201901303336,0.12077511078759849,-0.019523207590453315,0.0004466883168645742,-0.001597741605462658,-0.013783988594226818,-0.05588176566232985,-0.0958073080287902,-0.053422515134335054,-0.08661421717327515,-0.11402412977315118,0.36098479393022814,0.19813416603120948,-0.011246374269123997
issue,-0.016624160046601787,-0.2752721067193769,0.32415797932408774,-0.07971573895074024,-0.02771312299760876,0.037519368793288224,-0.027887663733427017,-0.05666994118038205,-0.17459812709050768,-0.00019630300237563357,0.07756368857757061,0.13737804214599916,0.07171173168227145,0.03295641551016822,-0.02261006231236603
earth,-0.09652472557909673,0.1819721596921574,0.04686765853396887,-0.013619954362735902,-0.04073637249477024,0.05045766429237443,-0.024188459146746555,-0.025491531570230035,-0.15545445045880502,-0.04347525085651338,0.19494569598333705,0.03522714638782862,-0.08203812639112562,-0.009299081086494906,-0.018642372943147984
plan,0.012538289678327385,-0.2072340543242188,-0.07524553604858972,-0.02727380190038711,0.112666418606551,0.32493574840729217,-0.01849945590078533,0.025984123489439074,0.037560796540998885,-0.06649638813097808,-0.16823591969267152,-0.07953020618954211,0.11471922410337414,0.027881985416136002,-0.013771224054945625
science,-0.1999540759215067,0.2912955929055394,0.062454630774306914,0.03172091983846178,0.15391364584174227,0.0072805431538671824,-0.03003516999617021,-0.08117968488250672,-0.08837956495689404,-0.22150791951709298,0.06597001244895427,-0.09384897074702071,0.1535156613955362,-0.09995347295597184,0.04870785261875611
reduce,-0.06089738084394822,-0.10981448120194268,-0.034608821849365576,-0.045822665461907074,-0.06777868495296797,0.20204398627195605,0.00425063533683026,-0.05184322889442123,-0.05493193203580192,0.2329543630887019,-0.042888129565923444,-0.09477601361030413,0.11577492949548815,0.022187495352458893,-0.013850071128853033
many,0.027779795489643287,-0.042368365024753815,0.17724238000181278,-0.02404654499584392,-0.0784184353816297,0.16423486602620194,0.02095890535169533,-0.09859590406766211,0.005744475993640369,0.1012832779204662,-0.13388803395930127,0.09760906735334181,-0.17285358597767006,-0.023556237446815936,-0.0211256612831254
much,-0.11493786406815532,0.12716194092887864,0.0726714027891796,-0.010697444282758818,-0.05462446609043831,-0.03717482550079591,-0.00023721679055952962,-0.048838658819178746,-0.09814784976293786,0.1707242292555297,-0.08838746062023256,0.08262016280088003,-0.0359895772767744,0.054271046978231034,-0.01841341954086866
even,0.04719902299308102,-0.053228100909907206,0.0012828757724806406,-0.013606026083541344,-0.02775166835347344,0.04661461422838187,-0.0015078779442253194,-0.06963491542527674,0.0056504336255865095,0.15878522356745403,-0.0409969596989812,-0.0856982415194697,0.030697216211115166,0.02212791486716688,-0.019933511330391483
group,0.03303047361126266,-0.22577204886655405,0.11221951248275439,0.2437367276491159,0.1706381208492579,-0.09645823150164252,-0.003850115256240276,0.03330210500767263,-0.0786240635313143,-0.1255724032997619,-0.08280149400979264,0.22948242198188534,-0.22121094020267915,0.03333045924055817,-0.02145052415452163
effect,-0.06297003098995961,0.03518349177922073,-0.07659807982466593,0.09459010832145628,-0.0985181958906527,0.06060518803234582,0.0012869237879409442,0.09146636402254874,0.0696613509228173,0.04887104007631683,-0.08630460984361758,-0.06212536125193754,-0.01948674513132628,0.02045703114603366,-0.016118475156520547
like,-0.019675206723434212,0.038965972642373954,0.026801536699511384,-0.04703496236801402,0.0417805017825066,-0.05908097372246903,0.04489350499564253,-0.017152429176507375,0.030955696591952523,0.007519669615423038,-0.023185624963244663,0.010425110922984449,-0.07157365873800575,0.033078878756392226,0.0032819836848885717
research,0.12519523654285442,0.08824974828576441,-0.0469075153760878,0.045229498710206366,0.08247433951346819,-0.0514345166056648,0.11819353889820854,0.01044639224553454,0.047568466879875024,-0.1156751263894959,-0.06990117149665369,-0.10078326499812117,-0.04096170703250536,-0.07359688718713189,-0.01809703199025163
american,-0.03224537462592906,-0.06731765583248035,-0.07851609462501481,-0.020597353614198333,0.007613823453584239,-0.12216743945727024,-0.02469793067445657,0.0053735514740139954,0.04671038892788491,0.09253786224575038,-0.01450544207695134,0.3004170003206287,0.002579369698898887,-0.07570432849937264,-0.019480376715086883
people,-0.06976780175429204,-0.14683477259926542,0.18676735618647447,-0.08031498754071478,-0.056550042982608795,-0.11619543893892159,0.015471047889612436,0.034529756571902256,0.09302777113798902,0.019013034533608857,0.21251906333248824,0.2681769882845617,-0.15424885894200255,-0.20519141920020864,-0.0004016959786231342
two,-0.01680799561967895,0.07628458439273635,-0.054530006726858087,-0.05639672468432427,-0.007943066231834068,-0.05768052687781447,0.003933728132223935,-0.0750287371206371,-0.032550944301032975,-0.0158512684753383,0.05320346478790159,-0.00871615711912691,0.0009505522037736737,0.15755854265659128,0.03357455498341822
week,-0.1632546696467277,-0.10529643230357512,-0.0317996374853875,-0.0075011822156712754,-0.013590207876978814,-0.06833962920412441,-0.020205712139962057,0.039586914002387605,0.057615580689620305,0.010304926723578738,-0.001538551324489121,-0.025558246158706225,0.2107915869923427,0.13461220882014963,-0.015826948872456587
may,0.06873620886093443,0.07796490896301199,0.020843772169792187,-0.033787611616514904,-0.010631068742921329,-0.019774792694106348,0.0008824186491556727,0.19023578939410543,0.04855326179091955,-0.0881149510455384,-0.04772475591342638,-0.05937431671546409,-0.09981471125067005,-0.05475890743200193,0.006764755582724808
california,0.04195659478359203,0.17797534185679673,-0.06508992731005571,-0.018204324451509966,0.10123369195884113,0.12821265403475637,-0.016168342238263887,-0.06989690469534476,-0.12040631248248837,-0.03635091834661788,-0.08150470687438899,-0.09651942477095073,0.12657614343762108,-0.060395473477290164,-0.011418091424697102
first,0.09716373089056435,0.03334740184513446,0.0046976988762484845,-0.053303759487636736,0.017352399125989237,0.016092847484384668,-0.02007140290040095,-0.0703914138002259,0.043946195375207886,-0.1322794904893217,0.08072461867776184,-0.18643704637776193,0.12864902175351794,0.0559660157432497,-0.015456816716712108
make,0.09885510188589192,0.037080938221076803,0.04348628484984281,0.0538042744869295,-0.04872069939366741,-0.03619988830792523,-0.023282149021203128,-0.038409111207713224,0.01754503490161271,-0.010390377616538776,0.028575975069254505,-0.04786772726289498,0.0016281661327455525,-0.058204856313791714,-0.01790096642361906
air,-0.11522925904026424,-0.050859119075132395,-0.006155506827045895,0.012577142445805422,0.10375339638133858,0.07495052727051425,-0.01802141272310149,0.03206088448214517,0.232727990009294,0.09574579708266316,-0.015541126292007797,-0.08850765275141624,-0.11134925962528808,-0.13332660045615988,-0.012825800881344258
policy,0.03558798599388106,-0.10871282205734593,-0.11809223411998454,0.01596624475866477,-0.05080455690346715,0.38285067846952087,-0.019008616870463898,0.034065330370195435,-0.08700542867361633,-0.10872052033160394,-0.07040537679375673,-0.0038048205749769,0.1137325308783383,-0.02536739654992246,0.009719002404537762
coal,0.05389323831869905,0.09146420165975991,-0.008319461787723807,-0.018278251211687725,0.07399479657548276,-0.11309796722849617,-0.017403382359813705,-0.06668610179134202,-0.06948709600608032,-0.09679349641070914,0.031085226344793198,0.021373231706792905,0.03150927345448546,0.09867883621829635,-0.01193304748245723
way,0.04362688274932651,-0.08407338419691107,0.02798244638517739,-0.012248821528686905,-0.040139941293636655,-0.04347923991593017,0.00066788104737361,0.009217882166693166,-0.07854455541267472,0.1793809005962094,0.08428800697862861,-0.11652298910433175,-0.03391097382006939,0.03277718183448987,0.03097872351434204
agency,0.11607230542193124,0.05384677321802967,-0.1193902345554845,-0.02939940615908473,0.10751198192070698,0.13102053600210462,-0.014794314238261877,0.049671283036178376,0.053360702934441534,0.049653141768936926,-0.17522721102809305,-0.051779156842730434,0.04397299987003524,-0.20391749070715146,-0.010601910641560177
water,-0.22643279212616,0.14414726256903773,-0.04433391574452572,0.009746557466028379,-0.09797138139517794,0.10968512158601816,-0.021634805335662102,0.15640277845441924,0.12235454033193122,0.14172711995814996,-0.1367301260967578,-0.11560259004648511,0.09127968379265591,-0.11635538132020416,-0.016282072093267652
government,0.0850407037573259,0.047094703456058644,-0.05330494135595876,0.013484417256512879,0.11225568915519421,0.11252003184576408,-0.020256686850406165,-0.03214939047031787,-0.15390575085745997,-0.02370090637642986,-0.09614141290695008,-0.03979629047110521,-0.0015612237643709203,0.06550202039741825,-0.0150809628152755
obama,-0.07959654547800955,-0.19347433625593377,-0.055599626020017806,0.01144569618121586,-0.05260080753356739,0.09945646160342111,-0.013686068811599795,-0.010964228245980829,0.03610899834421981,-0.08764665246108318,-0.047068049451404775,-0.008421967536095249,0.35277821773607115,0.06004431886943566,-0.010775410940671389
action,0.06696169622612377,-0.3052344530017902,0.14637739455588603,-0.0080230459574994,0.007113346069722023,0.024585093121543822,-0.02012196995742107,-0.07709932924215131,-0.09565142846391808,0.037314124080825066,-0.018737037886306457,0.05835109581569161,0.08106397144455732,0.11844986330559347,-0.015349320110857366
oil,0.02531138841217267,-0.14551073718934374,-0.0007781269809474626,-0.05369975548370654,0.017482873948297006,0.11418384017521913,-0.020683253899816918,0.020452117956744266,-0.03246129581096443,-0.11537066465695985,-0.033155759546818424,0.04817893553527506,0.061783702178657605,0.12987822076782657,-0.015611485405634397
house,-0.05486879322008452,-0.23461967596839797,0.015951528621367186,0.10150528609588771,-0.04749340177110985,-0.056065783684257436,-0.014720694721759783,-0.007148204444356606,-0.06899837210409498,0.14800695501832653,0.04229772107447278,-0.11164236675884548,0.3107550565973227,-0.010937635858240372,-0.012021618876229512
cut,0.0064957299401123885,0.09035476927594209,-0.004324026551391668,-0.0073499402793362105,-0.005056131835298667,0.11213536795626255,-0.011698321495912474,-0.03233581124207093,-0.050992453690888104,-0.006838056025270372,-0.08986173540209834,-0.04097024468614329,-0.06059538294966768,0.10945306590845631,-0.00841682892269578
company,0.6475071328916724,-0.23349719246044226,0.005174144061597666,-0.023830684667766625,0.3923850509227572,-0.22315701483297506,0.008199866470030882,-0.04827381188992613,-0.03348130758709967,0.10120241362236766,-0.15287805733054158,0.053807869068731654,-0.3587310861281724,-0.14677669807984106,0.01234937593960623
sea,-0.027759718341730515,0.12164482352663779,0.005798188068851119,-0.04981562229239824,0.005531707290737697,-0.029942046581936155,-0.019650555543331952,0.11624953527695234,0.17388440109043862,0.08726583379097082,-0.09724048504668369,-0.10322509076547079,-0.028924719420916983,-0.13841716108325425,-0.015399089968865572
atmosphere,-0.018526682416068044,0.19121374778968261,-0.09036618718075248,0.012023502827877869,-0.005491120932923218,0.06892344164081178,-0.016312216701005102,-0.02585258032391168,-0.07494354707120018,0.11799491339702543,-0.08109406563767158,0.016835607544683034,-0.020979322780149173,-0.06258815249935888,-0.010837337657040721
public,-0.08317780836767359,-0.14670108965426742,-0.0936509832795601,0.08344847343056097,0.1214127425652813,0.15728548199303916,-0.021878771059214975,-0.06048870027386747,-0.04095643906082827,-0.08004388309812852,0.13698346778215206,0.23180844371973972,-0.06467075459015505,-0.14609396130806176,0.006723781200984937
university,0.03484943460044662,0.14062575549670311,0.08591001622511925,-0.011385303720152739,0.005412301773232485,0.11010448262930199,0.04895188017370425,0.013827481472619658,0.1866435400212925,-0.03785648989209294,-0.1429964465781263,-0.04774699438261194,-0.20259451238983017,-0.2160658778245229,0.03232073239491809
human,0.01537020555840613,0.02849414451163998,0.11325315360353029,-0.014959824766892975,-0.09773308030254385,-0.12644426942448855,0.0005187076354394932,-0.05588808112734939,0.058883675229725804,0.04268921914294757,0.04866381300762571,-0.05246060843745575,0.04720752288103793,-0.01350150046041825,0.0059069229487955215
pollution,-0.0004858939709558713,-0.05986306130346668,0.08185308623508795,0.06368656200350757,-0.03164086362484408,0.05199557088983985,-0.015512454091037041,-0.046301001794235054,0.1540690169677345,-0.07047816255406952,-0.09507668444287183,-0.018733697652404797,-0.032554576361658975,0.02997589974812062,-0.010933740048746978
industry,0.38608242837929485,-0.10299838006252869,-0.008344803877083593,0.07021197138183767,-0.04868399947279952,0.08722936348839429,-0.014615679596345287,-0.08125898410669134,-0.0004335970975786186,-0.07431449019713784,-0.07557525771647731,-0.06145031557243256,0.02461385868521843,-0.08934062533568214,-0.011121488899988366
problem,-0.02468647235439665,0.04860361443251212,-0.07844727986271403,-0.01008618570897929,-0.009457621763425565,0.05934279351004042,0.0040290266414535645,-0.04510790058792138,0.07003382595301605,-0.08164870738031471,0.02570347097527182,0.20631628884605388,-0.1061781913530697,-0.0427205600527516,-0.01569610129477449
bill,-0.06665057310025184,-0.17301203358092396,-0.1051871802974251,-0.005870777250335321,-0.11522740842991185,0.2563053661370624,-0.010979584542744374,0.011815695321360637,-0.0687613126308078,-0.08808032010431052,0.051239114052937365,0.13443615209935805,0.29637557730464403,-0.10752480220806375,-0.008877912770587361
natural,-0.11843915358984465,0.16650682922806748,-0.02059631670428229,-0.036776508676706864,-0.059370090819315664,0.10183203354567898,-0.01462569326156449,0.010388043992230065,0.036540873081353474,0.07813714469825606,0.036074133039072455,0.05108517620589258,-0.13168251220647104,-0.08878630298336918,-0.01028765554899781
effort,0.0577659282143205,-0.12435534183951236,-0.05125428335849852,0.06781450404033157,0.12035825325117483,0.08446459763925526,-0.01669523124950235,-0.027452363611715325,-0.03502870123695946,-0.1242131450895025,-0.00292566155151694,-0.020903464119669604,0.06132576608439623,0.023282972168196546,-0.012183829340798497
take,-0.05621753927055219,-0.05100301034284904,0.07271018339100427,-0.00395717279141954,-0.07134486525226603,0.05720480991516982,0.005069821499391414,-0.0840385468052713,-0.00901195385641653,-0.03853343677445102,0.06271418584290422,0.1747775646540795,-0.08265598102345363,0.039112053166558663,-0.014826112352428557
weather,0.022695914479522624,0.031326055998500586,-0.12235335660668688,-0.024941418742671494,-0.06642282717854481,-0.0379085774735466,-0.02057274798447813,-0.06857032037823214,0.09909652249329379,0.2979997072677883,0.0775622200917492,-0.08951442090851829,-0.0030006528505618366,-0.07982226225848127,-0.015573835949132118
part,0.06909326292207665,0.1683540254073745,-0.09181505774731903,0.04462306848560174,-0.08869681702071236,-0.14737466956191275,-0.017851390490940932,-0.0023870750768609453,0.019877576902798122,0.18336965045747353,0.049672786266732626,-0.07971153316182741,-0.03367392592198114,-0.0603214035298253,-0.013158497930676888
increase,0.07129572110016899,-0.03281806937122212,-0.028485575379920688,-0.03668862105617071,-0.00963556156764346,0.09837868668742418,0.10621434677413297,-0.060473994810558,0.2561733102650619,-0.05539846667935042,-0.07033248918935503,-0.03528082999928067,-0.15418721047126702,-0.06255095071893418,0.013789704416915363
million,0.17162202675935948,0.07258727986620328,0.05225477516178474,-0.018877925789633175,-0.09394942258683339,0.054008710354924175,0.007063043154445948,-0.05236030163830753,0.0502284620181991,-0.0664280977482587,-0.08802295278389521,-0.09059228072902624,-0.02342619228991121,0.037987888614704236,-0.012095012363756128
since,-0.06373723952614245,0.10446389303523496,0.00042000179148077993,0.058597677738292074,0.00279315030878961,-0.015795617172073007,-0.015303280952538082,-0.06962201461120926,0.019370732883591018,0.04838876778430468,-0.044980780558819586,-0.022343919241986053,-0.06548162931890147,0.07466733313153791,-0.011437075291561362
degree,-0.02489527897146379,-0.005420826470595462,-0.07464877840947452,-0.02835255888270031,-0.06744897718561584,0.01145196294825213,-0.014499118062912101,-0.06392097789006475,-0.04027620452603653,0.19927504180531205,0.07452174649527564,0.0050811697399877395,-0.11528242642440373,0.154325261546744,-0.00991003571230433
ice,-0.10074275324173204,0.23229439391411827,-0.06975084009987469,-0.029055635330559392,-0.036504139571378526,0.06995829995194809,-0.012946160015180846,-0.055683712876115635,-0.08934284746435874,0.08142656045482076,0.055306033361471996,-0.03013851888834573,-0.007708867846725231,0.003157533205961142,-0.010269345554049677
next,0.10537478945817988,-0.006977120751344733,-0.03777110167156603,-0.033244549231311774,-0.048126308966568714,-0.06876960002533931,-0.01351637168904654,0.08620397645844659,0.04578236129082475,-0.029797379229583434,-0.06961630803966311,0.09391114835320664,-0.1067341485098612,0.06878131550784997,0.014499297045776996
washington,-0.03950485058793419,-0.07235073203336372,0.008889360039808893,-0.046428724103579996,0.048726160785877395,-0.08605550140227328,-0.01549284484914683,0.022558154813772574,0.09012256551457885,0.050448646560142266,0.04280336808119835,-0.010608208099680941,0.018051189993726013,0.0006166592881943339,-0.011775244001319709
treaty,0.10046452903055975,-0.0718337702293869,-0.11344761387769237,-0.02086367909608781,-0.060874585142276776,-0.14232551261719503,-0.007822111823823636,-0.007879190723260578,-0.06862602978134708,0.013808244526591802,0.027163044438093132,-0.011835549670325957,0.16455154505491096,0.20558562865205,-0.006064948740809483
city,-0.07530783584954981,-0.12223131937876823,-0.07709320269288131,-0.03417147374710965,0.03875234040961945,0.2345930784648187,-0.02192921701480856,-0.09574323491986635,0.08756195630598333,0.09420686242338319,-0.12237606806286742,0.12530834747521669,0.09293186328591786,-0.10826961659555345,-0.016232480103535094
day,-0.10621071715774842,-0.14928998728223083,0.07682947337030933,-0.024726040581843696,-0.027816006506943214,-0.13526087577726284,-0.018940636823591334,-0.024740170415900115,0.20792790492979288,0.14323612871825755,0.16724067148266888,-0.08668291885930164,-0.1444778690892209,0.13768980420526064,-0.01477876021224636
kyoto,0.0900340815618757,-0.051116573414554084,-0.023850317036170018,-0.02034497906832325,-0.04585406039662343,0.1570363507655346,-0.00808884127236714,-0.03277622719818253,-0.0258916970394727,-0.11332373409702444,-0.06796229243391746,-0.07179711880974926,-0.010688751715297689,0.23098966164649773,-0.006365501492225996
need,0.0822161859533424,-0.03873649386389658,0.027699551674782018,-0.04559380511020311,-0.07492984757994695,0.22235525087623687,0.0060244139128613405,-0.0867830252623177,-0.03551521145888536,-0.03932011481415627,-0.08214133402852523,0.07164603733761135,0.04909145157602238,-0.04225961891274896,-0.013753440300176245
rise,0.08229432128561955,-0.09006070791890763,0.011096724748794163,-0.016195191961799277,-0.03559093752278314,-0.016955172368238024,-0.01744063280505542,0.03752441763269507,0.10144854156209826,-0.09183985393303425,-0.017690240497843276,-0.06453880421997571,0.003451771986639254,0.12732812151566653,-0.012832357503876311
cost,0.38748610104420717,-0.13224183991779961,-0.03940616397885383,-0.03004660144048474,-0.0175770136497796,0.12425717776919068,-0.012654023982044193,-0.025318317419734896,-0.12234547466195979,0.013867938261532698,-0.040543950838020655,-0.10046201320598339,-0.00455492477901563,0.00862047606685269,-0.009081369268106886
according,-0.041462688230789066,0.10493430194968247,-0.0585653416739374,-0.03763225513292484,-0.002175595891483507,-0.08244193570703037,-0.01490726132003587,0.062073986475697396,-0.008538833132641383,0.16714231278041447,0.06283209144304441,0.04614509870327154,-0.13363148162369856,-0.053891385264469543,-0.009881013375099936
use,-0.01805962124411369,0.006828736289808819,-0.04245845067406141,-0.035606178044174326,-0.06638855854050806,-0.07291407615414945,-0.01532675705662696,-0.02393455109911401,0.03244098615489634,0.09503866796075816,0.1267130673676233,-0.09998418612966804,0.04146680077117759,0.08345337395210306,-0.0112692535539515
including,0.09564247482063953,-0.10743578747514775,0.037742766866653725,-0.018764223135231413,0.1110438977170355,-0.088364900222011,-0.015518725414741304,-0.06566887262735266,-0.11793328160480343,-0.1239793687884308,0.08228138537891344,-0.029736414725676202,0.1416344581749292,0.11050077562771539,-0.011444184592492277
international,-0.06430439242382671,0.11638947170769855,-0.019120132306952666,-0.011480209884175452,-0.0010247453957313727,-0.01008742637167262,-0.012695992099720393,0.016585136272956068,-0.06939187645340708,0.0617794558191554,-0.11816435162457743,0.08936613013225655,-0.14451017036277555,0.17568154463002195,-0.009022441639249958
official,-0.0672046083950914,0.08424149576649324,-0.024732670968855813,0.09255789978458369,-0.08002399612402933,0.06813615136900043,-0.01268170231819514,0.07937426512733735,-0.11788452077925532,-0.09301948798017956,0.03543624947228483,-0.07636903758496154,-0.00986217445526698,0.13166907425991875,-0.009636937173783331
federal,-0.043095323291143225,0.07792157340886915,-0.0145293962492194,0.004753543671223993,0.2564736135950624,0.12212307416744393,-0.013265197376009305,-0.0773177927682342,0.022392371449304126,-0.05476810263104889,-0.1197412299556808,-0.029668641719431038,0.02912075829580957,-0.15084612473046924,-0.009553125866477144
scientific,-0.044128737469613294,0.06256892821925174,0.07532512474464134,0.05320279835297942,-0.06774470062185842,0.06883979553603717,0.0285752607934222,-0.050474777304637404,-0.04968213246639317,-0.1532536252534942,-0.04471866635880549,0.052098018501452376,0.06253758887003012,-0.025850269194125204,0.03270539365111317
economy,0.3380895551707021,-0.05770495600385052,-0.09909438811908564,-0.02628753414600937,-0.05851235281472962,0.021421268035153793,-0.010894608979360034,0.013322590503897398,-0.09850279506126562,-0.10409971232387684,-0.10825526701511187,0.08537901642074477,0.12756415926253659,-0.013901945978453149,-0.008523028951292068
come,0.06502471238607847,0.1761968400564106,-0.05537671790896139,-0.03771546128049064,-0.01979196297323257,-0.024672106909158668,-0.015382690328821638,0.008533689102171827,-0.03802220134061637,-0.022861547440687472,-0.04112691911740811,0.061194058883592105,0.02637173179476087,-0.07118802070253043,-0.011183404221107085
mr,0.12504779393368728,-0.0803790511880852,-0.14543364114229532,-0.03393359338444592,0.029137777313302173,-0.07173307178329938,-0.011893522473620929,-0.017411533687187657,-0.0051040193111282625,-0.09583466294536261,0.09524604859302771,0.06290412244457833,0.1640825518224885,-0.0052011867166102425,-0.009494011475049108
environment,-0.1424995535592118,-0.12326910522123186,0.16590274578438569,0.03850763790049503,0.0007077506820589903,0.07758912234986458,0.032088126510041504,-0.05701195819584299,-0.03637800953226558,-0.12841991804431152,0.055258898019178014,0.09052677568110193,0.03852465866117894,0.0013065842403514035,-0.012833755275791904
record,-0.147849835486442,0.12297089525139832,-0.05363650285926157,-0.0001821836610426306,0.028700298121997227,-0.15211535789748706,-0.011252646214280577,-0.0001594401870871873,0.017109328710843995,0.2734139359879863,-0.04610477623104835,-0.05110001389774281,0.11805392446660246,-0.08967234075674348,-0.008175285347691987
fossil,0.10333684890686248,-0.13654246121007216,0.14989686031551233,-0.012853365019686454,-0.052821496872402694,0.026080986477866955,0.009188279919694536,-0.04921513000029726,-0.06016288625156296,0.014974175625328809,0.009406738627881859,0.08463387006348953,0.05777634599616216,-0.13273411465204238,-0.010964651926734851
leader,-0.050329744385882995,-0.18278150741554813,0.29862739318290255,-0.016890991323724288,-0.042191372164698794,-0.07464481073393311,-0.01372343440803868,-0.00046457658129834097,-0.02242455483903403,-0.10939325464087489,-0.16452591773500125,0.015216037795997492,0.06638337631490572,0.307481813665194,-0.010338456730965565
agreement,-0.019454815269360503,-0.09880972630608771,0.03858896380279914,-0.01753534135719291,-0.06219383108189349,0.010976458800689095,-0.007803447725108217,-0.0437256114665782,-0.059343355237032054,-0.05371904566223892,-0.14930186810598273,0.080249276307474,0.02551648386140303,0.3378150759773928,0.018740783461715815
today,0.09879612845222768,0.12200491722836518,-0.06646559994672231,0.012095804347617454,-0.048627626034698695,-0.10119173725987039,-0.014111661645240591,0.01299840200754179,-0.005599916871094507,0.060301072046834145,0.10661678947995185,-0.14810395261096718,-0.0888132746212893,0.07056130221961185,-0.010460646792266857
major,0.06854237818938191,-0.10556001893493501,0.0465447930827477,-0.03485360528486734,-0.047305394173949786,-0.017415277453745368,-0.012525603950869746,0.026839083482367368,0.010574509780226029,-0.05193992520885793,-0.0437311570399601,-0.02907488880422097,0.009705416843998668,0.18933939630295604,-0.009139706830271132
heat,-0.11685167259440205,-0.06702756964693245,-0.016014599518857243,-0.028585101228190263,-0.05435784710543161,0.15735821095058514,-0.012756041921738832,-0.024429580925609488,0.1290123354908786,0.2737150740612881,-0.11587558538423992,0.009053819465481242,-0.07755022676273678,-0.04664992079312256,-0.009041294086972046
impact,0.0826925644478823,0.003840888496496114,0.00030634644342101636,0.03547788401924939,0.05285480803645519,-0.11800281455532577,-0.018045801620879397,-0.01767307466851427,0.0863402226269117,0.09946838951184779,0.0056764527411597545,-0.03836154214128457,-0.06535538059553261,-0.09599511865841513,-0.01322382408347072
decade,0.021594723815970256,0.14336465789268701,0.03281716191506614,-0.013901137928127996,-0.017391965674659865,-0.05913390201266039,-0.015157904435913422,-0.030577058225337208,-0.024713832125007697,0.05699097264907602,-0.0104460791348246,-0.06700971472764085,0.0018588263138114148,-0.007389724725192757,-0.010905023597245494
clean,0.045218416856471585,-0.0773192396240559,0.010392433979083512,-0.032968295158645695,0.1227736523245898,-0.06251805727368333,-0.01180519809717177,-0.03421257040446725,0.08373820819023152,-0.05996500655838326,-0.03456322644897311,-0.0030704469006608125,0.09275899005319084,-0.029593963083454595,-0.0088656978540714
month,-0.0019283832465953783,0.054685659819732176,0.062228793338032426,-0.034958596406032286,-0.05575484578091281,0.11625495486467263,-0.012937075397967322,0.027803630373514954,0.01870521113982683,0.09004846179368853,-0.09544149406462103,-0.05055469639427993,0.007801929632028399,-0.1163620771387031,-0.009591472532383568
republican,-0.02580605695575134,-0.2910811310621547,0.12003321393872633,-0.00014101700120131727,-0.019855637338068086,-0.15949564309699668,-0.00889561089074762,-0.033574758652037025,-0.06964072679430029,-0.10168472184096063,-0.09722244301611062,0.26959205023340155,0.5879731721073536,-0.16270425017020057,-0.007496439460953035
rising,-0.038904049280116,-0.01555023782048428,-0.07708854910438756,-0.015483236165556627,-0.004286772608526753,-0.11655473611018151,-0.01661201579256163,0.07399568202765303,0.11826025259058784,0.07705185136376741,0.028177992828258027,0.003402607359520198,-0.008583812698339459,0.004071502969892634,-0.011896479559525748
set,0.13439969697993778,-0.039459592037544435,0.008282367073755487,-0.0008454120574184808,0.014650210788687593,0.09648098995966269,0.014742824228484622,-0.03703884047243712,-0.07419049432377449,-0.05395287133350927,-0.018734059172169,-0.024295786133212892,-0.05120761751790389,0.03819276765325821,-0.007024183635816036
planet,-0.05756723336632794,0.06830119541942145,0.0801691805307174,-0.01296875525067625,-0.03063906841380626,-0.010310293639260672,-0.015978235029890635,0.11683222296933599,-0.09684064385277738,-0.07914401555775381,0.017739360484987556,0.04719612478385194,-0.04083408985445817,0.026216687701756013,-0.012172436925119594
future,-0.07957398075347161,0.04726508069740097,0.07083929918008434,-0.033823537733828436,-0.02873339411544492,0.06503256831737077,-0.014380522055311434,0.04270856771585041,0.1710505680641012,0.020078869804034997,-0.09207374011975895,0.021409927497549205,-0.1600986578014358,-0.0191532240424952,-0.010547824654644706
ocean,-0.09762199864590193,0.35725668085976603,-0.08343752729915928,-0.025866624075554956,-0.040088277209555115,0.08198454323333519,-0.010631755751201085,-0.06610772555138596,0.05651078250090151,-0.055480067487395514,-0.08990639122075562,-0.022493992366325558,-0.12077885586877717,0.12454904678420341,-0.007887837902194486
economic,0.4402807272240256,-0.1176178618954718,0.07806031617460342,-0.01138811528647767,-0.05120120855285316,-0.03208457975852831,0.011038789534251515,0.08872346543095189,-0.02213544674669733,-0.1426407897854916,-0.09739891712612912,0.011089451880854504,-0.13092488645489475,-0.014025926200258243,-0.009775018437885802
technology,0.09903691654353002,0.044978073475097684,-0.021817825995930146,-0.02935389508512332,-0.028608708721977114,0.10204416482539323,-0.012090152261745087,0.033929734157498746,-0.04943786042088962,-0.09524762887747483,0.01445954755202022,-0.052906294409402636,-0.039109944522724906,0.043082413185921965,-0.008958539444194088
source,-0.03056584035709162,0.08332590722138103,0.00820767544690877,-0.002503820630632161,-0.0007893771075941365,0.11937522525201094,-0.0106411925805264,0.030246726565741993,0.04760839031818093,-0.0750348348036797,-0.04619397950073937,0.018742249295360936,-0.16499922075265894,0.030617998691394005,-0.007395907058056648
work,-0.050784440293881704,-0.16033283635011122,-0.05424006997890297,-0.003796772722586413,0.06770710412225568,0.03126279267847556,0.007610628751252334,-0.036929224813513205,-0.015025921573110192,-0.02111414196187874,0.04523857558600787,0.009425174417253476,-0.01985822442579923,0.16484408814965223,0.03599326841488663
limit,-0.032712023105208286,0.045898388318714026,-0.023723615872441553,-0.022179253623921456,-0.03419610814483218,0.048374750865952734,-0.008103597000967752,-0.00879195711767503,-0.057674277690738185,-0.03142710613826116,-0.12928994237304453,0.07135993759783218,0.1322083683387219,0.05607539602429112,-0.005818960078421864
already,0.03668228098519978,-0.06698719997601305,-0.10327970873980963,-0.012225866653795981,0.010255019731062149,0.04199223109133409,-0.013993110595897069,-0.02376868172957202,0.04591205394773952,-0.012374393095729944,0.005119458972603561,0.021408913726569456,-0.022819982794647736,0.10403161434177259,-0.00995262921081537
le,0.007572769463350382,0.04939938924814813,0.051792027291966164,0.04011481179184643,-0.015637007211765957,-0.02640463195054431,-0.01275472798316445,0.021127397288051436,0.009369788882696711,0.05269615735265088,-0.11427774634962834,-0.008372555272099947,-0.07107865265499351,0.0009425102168090415,0.01551046988667785
century,-0.03631720231851013,0.07083816023205736,-0.05490313241340406,-0.029499765566955896,-0.05097521523722772,0.0626522432932566,-0.013558948375829317,-0.0036921666321267886,0.04657308996826161,0.06727025108029788,0.007327846767535643,-0.004902041582183979,-0.11205807997080543,0.060912771495960374,-0.009667810740325999
car,0.0772242407751078,-0.02173779689770702,0.03205521855587812,-0.030706641468298518,0.039257643887014755,0.09627101509334235,-0.01333877423500197,-0.0018944289983690997,-0.09107530628808365,0.1153190261848713,-0.034631755991188944,0.007713850797544873,-0.016724615848726476,-0.1478026055350602,-0.009929070031323817
well,-0.07590997614580107,0.06518966776190786,0.012040087010855209,-0.03667308782062361,0.061028392788092696,0.006219045114289295,0.010268772665610248,-0.0027344145325446908,-0.010344340502670593,0.007407087169252369,0.0003489569199225489,-0.007702089605496932,0.03041380897332101,-0.048734033453819936,-0.01081787634229462
reduction,-0.04329989247111791,-0.06101871465250017,-0.012885879219693615,-0.019074450149424316,-0.06013214962702469,0.20007335662717676,0.016966160451118508,0.03269743865901353,-0.04788644525745028,-0.08402027154250331,-0.0699542198447779,-0.03799831165876405,0.03367096212091222,0.15824557620520924,-0.0053831596401748205
standard,0.0722539613318656,-0.09346998248590874,-0.03248806603279073,-0.02136475975891288,0.03262259560566265,0.2581961133972723,0.016080117030538757,0.0005208279959439464,-0.03474115694888347,-0.09788688235050853,-0.1388228209226708,-0.053501520645663374,0.17004375714489123,-0.0714632749940835,-0.005978908366752373
china,-0.01325949325045302,-0.09229452686022983,-0.10652214994921812,-0.013723593444870827,-0.03894395728594042,-0.09203008942032526,-0.006713752406381062,0.0028022891256639826,-0.06777790787404966,-0.06522907678774324,-0.041283187687313413,0.06377264819357994,0.004609599368081667,0.4712775425683125,-0.004684344289112322
congress,-0.021379253042871693,-0.07679275020682817,0.030627423168137016,-0.02758837814973053,0.01700293327375166,0.12323314290000659,-0.009328482237931542,0.049253375900531075,-0.023566323135352864,-0.03685034671774924,-0.11393884617061806,-0.00439659676456825,0.288173562036682,-0.18712504496028795,-0.007324415893169685
average,0.006591975693607341,0.002278009052979939,-0.01366753662294171,-0.021639584623737402,-0.035502020782514125,0.017007726694711324,0.013605422702628229,-0.016017249285616684,-0.03669109843092052,0.0005086548021812952,0.11069395736565997,0.05061489059637015,-0.128699042496141,0.05805593712381223,-0.007140041790079156
made,0.006095761771463292,0.0616023166527514,-0.0280150913913054,0.01218042525309225,-0.02139327834030663,-0.08719127345683617,-0.012768990552849484,-0.0028285859051450763,-0.02181976179333754,-0.05952413088230835,-0.043454401219486564,0.04869643517035608,0.10872974657428436,0.04927302274926616,-0.009582194629638375
rule,-0.09471879662478438,-0.08786049569461585,-0.022848099704092253,-0.019263599986128043,0.1327602373097373,0.17909439277989112,-0.006607660829449409,-0.014725588139767005,-0.007685298268660963,-0.04234925097110915,-0.05961179265226335,-0.011685604501101766,0.10286060817570053,-0.04277096826484073,-0.004588082628516652
billion,0.3197686473070854,-0.15083410938556163,-0.10995989495726743,-0.025537101876067815,0.019347233490343854,0.18104634553810034,-0.011869660020473417,-0.05809791702687659,0.0709039887471604,-0.02464520946402233,-0.07459651514984485,-0.0875558693291924,-0.13322995769486548,0.09349130461116203,-0.008231284789679478
get,0.01642108069554622,0.038289476683268084,-0.010082351404911026,0.006456686734414123,-0.05604389882698196,-0.05510822809857177,-0.014880264571031006,0.019699412490914545,-0.0742315850341207,0.01749091947116065,0.05957057055234003,0.022547584354742318,0.03944535906338095,-0.022356035411326594,0.012781273301175889
program,0.30751442990020955,-0.001683717685768164,-0.03736819520589271,-0.011507556828733799,0.0806652958984482,-0.11428662954838632,-0.011474826180537988,-0.05468148155555084,-0.08512581633741854,0.02214711314908182,-0.031861030261506836,-0.09172347438898483,0.07341184800724211,-0.036035848681735705,-0.007990110280466162
area,-0.09801751142718594,0.025532298269198256,-0.10455592787939844,0.021642155904001252,-0.04929772845510912,-0.009359576732979047,-0.016442843704231082,0.05184705555014938,0.06774831763336348,0.07913173721523746,0.16859500680807954,-0.04944950144765307,-0.050471317161041744,-0.025171160586158373,-0.011731003986272866
epa,-0.012539117379966566,0.15084252703019227,-0.09010717695999731,-0.026095275077907897,0.09384564466523368,0.0560544956160798,-0.007445093467627276,-0.04411215462521109,-0.00023823476076006444,-0.025916274706931048,-0.07810352874803542,-0.021251782325749664,0.08444005033190863,-0.07411346881943068,-0.005260610771797579
center,0.026170771243564223,0.06712318542872278,-0.05011874596704482,0.027626981899753104,-0.06452917554724982,-0.030638979259810673,-0.013564329203621429,-0.0063558000680823375,0.05296310300450142,0.1633166509235887,0.02316386075761092,-0.0676723135634152,-0.0076180607830435175,-0.13460344725212528,0.014736298386652164
cause,0.006543270134108095,-0.08701634692763183,0.09406605794473476,0.035382702251585366,-0.03970703921268435,-0.09036258600214565,-0.01310949873804298,0.019059948687578473,0.1514981086063128,-0.06930405442221749,-0.07476749121127857,0.012634124398809963,-0.015092146376249643,0.05531817778128855,0.014856773085832721
conference,-0.1281672387857693,-0.15753741982415406,0.011905297570084454,-0.023780215190005893,-0.026086826645072975,-0.04184383582232926,-0.008609176883243787,0.07201499306090361,-0.017810862063676013,-0.06074623524384048,-0.03675290586131117,-0.07577983690288691,0.11673967852679404,0.3828319283822703,-0.006377344317762104
protection,0.03895065240330538,0.07503564108012488,-0.07338517470373992,-0.010279147233789481,0.13964619665619005,0.0771669361429167,-0.009173113571331826,-0.04522367783738947,0.006857142185518717,-0.03558070645831266,-0.08107606866786751,-0.006586112888453417,-0.041082413697759196,-0.028516382672759077,-0.006753770736652887
data,0.06627556809724267,0.1388598615318412,-0.10007196561090956,0.06219342247504727,0.11311638433372859,-0.1088557682642996,0.03634628618556439,-0.09500852754997702,0.026138276291378142,0.11816085560003613,-0.1326076572127582,0.001032987874842064,-0.024282977774672622,-0.09192821330683913,-0.009368532670225225
system,0.12221321041105873,0.07615041251157637,-0.11290681283739498,-0.027290826885066247,-0.06620031490562685,0.013992460262394322,-0.011605533659598863,0.12473272278922334,0.0033702835736007845,0.008889703303863673,-0.06944982661855392,-0.05640934762094033,-0.12597011820583728,0.07964123544362417,0.040842752437676294
past,-0.04825214961730935,0.11288273513281491,0.009915842597739997,-0.03404874725051638,-0.032474821159464436,0.013646185849897605,-0.012521433831105072,0.06079500095712049,-0.031095117271046063,0.07097983441733308,-0.053067041421555244,-0.009483173498129396,-0.12866732578680204,0.09071169921013517,-0.009321488329113276
help,0.10243072126634564,-0.05497934434088812,-0.07518142375070418,-0.00783797160599444,-0.0818367833696062,0.060645229156696005,-0.0121375088452143,-0.0037725120519978843,-0.0812066686639342,0.1060063839075831,-0.04618379687877946,-0.0027298151133174076,-0.006202514518408821,0.11209563956026761,-0.009109634752046913
recent,0.08957172750641672,0.023585090678803124,-0.09222142988900862,0.03354130901123535,-0.01885672410053549,-0.08118024185425766,0.010463592975608282,-0.01992189853042536,0.019685918036894727,0.1922621079690439,-0.12499930167349138,0.05277502525775697,-0.028733434778014627,-0.045375150510952894,-0.010596590099073733
still,-0.09611411159271753,-0.0802226850962299,0.01445864155024362,-0.009592007949069984,0.06761215386237265,-0.045504106953922166,0.012158637236821089,-0.02313013550353351,0.02826782046576081,-0.04156419040685202,0.09544374508629891,0.023951874234656022,-0.0909781091092135,0.1546713701486628,-0.009458895973277263
white,0.053188043040904735,0.07402580778930974,-0.0007134308122981441,0.09619667327826262,-0.07923504556174063,-0.09659410289205667,-0.00819792003748805,-0.05179262277214381,0.009510367638431817,-0.10615050973359792,0.024250511905405645,-0.04174281150485345,0.1004097342728088,0.03367544569721391,-0.006830140308158363
senate,-0.08341940513058997,-0.11311075001920068,-0.018060189307543807,0.04964164488557902,-0.032969893593696564,0.1418683758551213,-0.006345872486798624,-0.02459313232897485,-0.05832408471153915,-0.044929346283375436,-0.15196562282324427,-0.08176431117273297,0.4477238111335277,-0.01852631078704619,-0.005224913229485476
goal,-0.13284260469498654,-0.07912727114403653,-0.01953691079234296,-0.02081018692040349,-0.0181601245508742,0.18570531923040828,-0.0083413117714511,0.005453100732399475,0.0035243985909969413,-0.11602078942797063,-0.0325775889389217,0.06288089906661938,0.07734213382907314,0.09844791846934565,-0.005936981677855407
drought,-0.07385541560618039,0.1603465330694756,-0.04326996707661677,-0.004535577382107682,-0.046000279033823574,-0.04125521183677855,0.01332502683985791,0.19378066046329898,0.16522175791778268,-0.0516478731421482,-0.03778887057152035,-0.027486484312798886,-0.13973525839944823,-0.05885576812069113,-0.008243272808302256
business,0.4149000498788119,-0.02569452349439509,-0.03939078939477403,-0.006737503551612242,0.023995063026539455,0.1481717741868248,-0.010322457880370648,-0.05794945839079506,-0.13564760004977186,-0.12947906479631682,-0.022318841646676264,-0.029980189510982806,-0.0882594488451446,-0.058077512543710554,0.016790503012374607
question,-0.047880410603620645,-0.04647206167447674,-0.003666655046662286,-0.010529504759196317,-0.026642692549130327,-0.059923514319984154,0.011839771880966547,-0.010794809557505879,0.06414205688435895,-0.0701833164077509,0.08439535896514344,0.0597943299545048,0.10837608103936447,-0.06687126825577,0.014416634449759285
researcher,-0.06584070545683757,0.20400628094074572,-0.047910177764922984,0.021805027598835937,-0.04240013537722645,-0.08798110909093301,0.013210056141694295,0.0747716954378763,0.0895967997398778,-0.004055458651083721,0.025842842460668314,-0.04686726632228617,-0.06588057512974937,-0.060716790579251716,-0.00758048394740717
whether,-0.08280968843978512,0.010409327262238085,-0.02588944681951728,-0.006653878968715018,0.1653897353239104,0.10231241543548596,-0.011054064881513457,-0.03406081986236758,0.025254932309389584,-0.04862711879763598,-0.12332332263149265,-0.0462943977628011,0.05182251436356405,0.0321059935770452,-0.00858218010780546
panel,-0.056813950790097635,-0.173989380818106,-0.023874457297874498,-0.011967266693898854,-0.01676014184318783,0.20104438212348844,-0.013169311498521538,-0.11777900130686488,-0.0492108552840219,-0.0018190031583902385,0.046664474030259966,-0.1191090915021309,0.023285641036361118,0.3230186274098441,-0.009520664406860275
among,-0.03492845762755144,0.0075807082558499534,0.10047266697719917,-0.03533005917548105,-0.026124773224421274,-0.02207210141661599,-0.012464332853650083,0.021563278531867118,-0.027383545779431452,0.07742911274392979,0.06306389625395771,0.03712986840562104,-0.0862164323939559,-0.10261312491184814,0.039893296214529805
debate,-0.052905368236263094,-0.007181722770002415,0.1107493898090832,-0.03062607578292772,0.001915338191030751,-0.017117017393657702,-0.012181697745730625,0.15914112537998173,-0.0781011311610151,-0.0351642191849784,-0.03860194534847919,-0.027151872780806448,0.07789608946354329,-0.11441079316828838,0.06373990072850994
show,-0.0545641551732773,0.001006882481130652,0.16891973443613204,-0.004721462704200873,-0.012182477404128866,-0.07311417320139624,-0.011831622898771172,-0.01732486748990124,-0.04912883843327022,-0.023493627724240226,0.10176627584375801,0.06873792145728208,-0.016301164037284436,-0.06867538710808985,-0.009093038043742044
talk,-0.04170401643038868,-0.03525597210635375,0.06342189124665756,-0.023090768210799317,-0.0344935127845074,-0.008485238757135256,-0.009034408909370411,0.025482447917314025,-0.03872430797314523,-0.03947831141083249,0.011039072384846025,-0.034227479248990465,-0.03503963253507378,0.20676303242920066,-0.007172795611421863
around,-0.08623600840441746,0.16057534521258537,-0.03489941254927373,-0.006048288964079746,-0.020702811079220625,-0.183490028717294,0.012676469951823435,-0.00897838191821419,-0.03637033140631612,0.03029524434228609,0.08293550927108291,0.08762539223575944,-0.009715735656235007,0.020987281614490563,-0.008654243932977146
electricity,0.08855244031770806,-0.031840167718440136,-0.09216026449215997,0.049385368243273865,-0.08696897344682168,0.012518234570646556,-0.008538788424704125,-0.0452244989921157,-0.028772204895211127,0.1467463834442726,0.002306124460889345,-0.023304389367845978,-0.0701119553074889,0.09345925849992666,-0.006046566891929928
far,-0.05591146543387903,0.07443080309000055,-0.04007796331407887,-0.026633827315134962,0.02199947055344724,0.05917994582578772,-0.010532946106910785,0.052552001435019376,-0.03349792617562627,-0.11852901237159617,-0.06772690439398477,0.04781237880209909,0.10193310173416488,0.0031973393197450507,-0.008194995649053233
political,0.03206005018167691,-0.26041752849967564,0.105239501771126,0.03253785125361554,-0.040293046736577166,-0.08011216620292398,-0.013380007994633774,0.11313703871341622,-0.11878402236359538,-0.08786084315387523,0.07181186807316807,-0.007141680890616152,0.20602649640744475,0.03316849945547205,0.014007989985977331
gore,-0.013649596274897546,-0.09344354816083109,-0.07724344662221186,-0.005395749533630121,-0.011899247631678612,-0.004972523097340367,-0.010107923170293883,-0.047401085726860394,-0.08325873037677131,0.11344215019813529,0.29373263496395186,-0.05244075792915603,0.167393847484633,-0.1655262848891807,-0.009229739233868273
act,-0.06724376358663456,-0.1597860162249509,-0.027838090825192802,-0.026378765488406224,0.16230161316667108,0.1519428037570758,-0.008981875818723785,-0.010336587503904806,-0.004818090370044499,-0.06357157946949868,-0.027470788147284424,0.016843308823323182,0.12834350539031486,-0.056153935801321476,-0.0068517379014233154
meeting,-0.011145203102569912,-0.057504130947908974,-0.013989354460604005,-0.020755248277672472,-0.04556336813434321,0.059551842446006316,0.01712645860124482,0.007886448786918585,-0.047509470412273255,-0.1251846729338657,-0.05821583892677653,-0.08616016217431802,0.044177191871614355,0.34271795743854944,-0.00543244977400062
long,-0.012804733235677199,0.08236091858576407,4.984883829548388e-05,0.04153117323892531,-0.017167054660538136,-0.015752476526847935,-0.011293685960269598,-0.023555622330351147,-0.07144581437374153,-0.004946066786034189,0.13162377169721667,-0.015517863462873656,-0.0699628183217619,-0.004521164294338516,-0.008598412407767719
reducing,-0.06984613836315691,0.005500930534658479,0.018004207796213187,-0.016473870824065283,-0.0682376530812787,0.08338888167748841,-0.007178192027147962,0.08124560549600106,-0.002947167978235301,-0.0030340685452766693,-0.09159028863859661,-0.04789965689888259,0.06558076102163433,0.058340267572354505,-0.004853617741710338
three,0.06851555926003047,0.09014055712243832,-0.021626602030806744,-0.024757192993785072,-0.05301323528291461,-0.01323055003905699,-0.009550660091697498,-0.03569327714372838,-0.0984288138916395,0.004693424122292234,0.04573432982298558,-0.009919840185773198,0.049658449500408555,0.0147193966377163,-0.007241544806469433
forest,0.1119194478284525,0.26380800556406003,0.04217915375442536,0.0010997171284115146,-0.038098117022178316,0.05797411447193113,-0.009081951894553512,-0.04750794979908949,-0.0935254902156498,-0.08770306584892436,-0.08038058192057004,-0.07429654707884399,-0.03709200911331704,-0.003294975387375183,-0.005999750466779009
likely,-0.02801119420553952,0.04013014461054927,-0.03935953546316851,-0.0018251896494938635,0.01842236931470306,-0.0980994481264498,-0.010379745511204744,0.01630704612894487,0.13099195290487708,0.10193568759969218,-0.12087746877704235,0.037501339325032385,0.011465284202955032,-0.05098225005671125,-0.00721899229714317
lead,0.06549303614601283,-0.0053506943178664845,-0.01735800504053255,0.022979942656201072,-0.0402443148608458,-0.049728792942214814,-0.009336716342996446,0.035647061291023234,0.12054952944386596,-0.07510676918594181,0.02673042403899777,-0.025002159528149874,0.05720205199577442,-0.09990508503495762,-0.006569508318370141
atmospheric,-0.03565811674572596,0.14639129840985707,-0.045816581458096126,0.0013474965747972652,-0.020055410209053416,-0.11919539503802411,-0.009118115342885674,-0.05472754202761852,0.0980725681678889,0.0845524016401927,-0.048629419420213794,-0.02419722048022257,0.07412193183811167,-0.04080935014368072,-0.006278545765326911
want,0.14787982380239634,-0.15435177396658692,-0.11081037767888922,-0.0026547652793773506,-0.05504649520522413,0.02222178247691536,-0.009937783368600893,-0.029722407596685416,0.0019354124756687185,0.04219899977567754,-0.025669735692553607,0.009077734292826562,0.12824331695707306,0.044653170440170135,-0.008016901432809517
think,-0.12204617539914689,-0.0024450812178574695,0.01558271729359469,0.010318052738779358,-0.06396085268313252,0.003564085050157452,-0.012969906647847057,-0.018178310252106665,0.0778131492564401,0.06899945146445315,-0.06733113335996982,0.17068315602042297,0.10717818145374057,-0.18147391162412738,0.014266577906598984
step,-0.07255846089947385,-0.10224370857457181,-0.028129022660712346,0.002561268169369715,-0.01868604431162928,0.16972265819870586,-0.008637104290662452,-0.04026680596440448,-0.009374216629430858,0.02311703890134509,-0.021342646902328795,0.048629856789431956,-0.13621043939470528,0.19947841717450196,-0.006060789605435098
might,0.05707408527006894,0.040157028849535974,-0.05264874652026685,0.020782012891541565,-0.026254128348057446,-0.16579787896117523,-0.011053202542064088,0.018734198069085807,0.030620300873278085,0.04601581888900942,-0.0478712288413118,0.03249699813876078,0.08980392434474192,-0.02372689189774699,-0.008332290215399937
support,-0.047107117728154985,-0.06152284950299081,0.004293944438831825,0.035814135147313776,-0.012754447519294722,-0.0696397073438948,-0.011394419614181412,0.011375956130094924,-0.03535316950916147,-0.05004136613743098,-2.8200926527793264e-05,0.25246820125493386,0.07634957026137723,-0.13277872272862512,0.040318193777711425
released,0.007261744866426566,0.10986134261021059,0.07364779511108602,-0.028646910317219033,-0.06509916740510657,-0.053822111997655936,0.014592860527506427,0.05557559556108803,-0.015190411129794088,0.1258514492548774,-0.08611101265924166,0.02107788119727473,-0.1277130265227374,-0.024650949108194233,-0.006635079988521172
america,-0.08294944521204631,-0.06974813338201649,0.012101136672777308,-0.028869728552087928,-0.011652821587129226,0.020705486338122105,-0.01212770819155136,0.07816436697192568,0.1788766892750588,-0.003873280481665835,0.191506397773415,0.019567592671138244,-0.1209715356526815,-0.16145840685960633,-0.009270609783651912
clinton,-0.03045975640866067,-0.1031368230423886,-0.05363698823380966,-0.01669108958360412,-0.04308965646977244,0.01747143840127412,-0.005808905561268303,-0.029581859966663154,-0.050921579448259806,-0.08131528312906056,-0.10495143479202022,-0.10322896038432136,0.440152956969083,0.17025810230883345,-0.00506016065936094
colorado,0.02668556020920128,0.11679324275962835,-0.006435343856079072,-0.004535147433263221,0.025953411116880112,-0.07427738553094697,-0.010027809050953792,-0.05913458082341853,-0.012453998003777757,0.05222408708744819,-0.029471522392269866,-0.01737969659029746,0.06075474532057575,-0.06153866419472656,-0.007156898617999881
called,-0.08448971745102002,-0.1594990630817985,0.053592542691006814,0.017697009709243268,0.01202416405862963,0.011583774102480614,0.013812578607167465,0.012352299921006667,0.017220289830501636,0.05175059862606517,-0.00548171604481565,0.020360273726516477,-0.058152474959851076,0.10528055397905917,-0.00805111371419162
target,-0.028673575756077416,0.0005788102987235989,-0.05904157347368022,-0.01283779223370104,0.013535234490005175,0.05244605137553575,-0.0050634627956934386,-0.035194196607277316,-0.010503557947879672,-0.041302799179255334,-0.030825847996052397,-0.061359958058410685,0.03931944737657396,0.18233909529942519,-0.0034158747922363696
threat,-0.03760822249248998,-0.0012485290422714226,-0.05991742203271416,-0.030207132763193475,-0.01228581748580701,-0.012154280333054199,-0.011225390249767833,0.3629871089490952,-0.04206512252378683,-0.038636357400143845,-0.12855476361470608,0.09975530674808802,-0.012876255974297104,-0.0670229951841072,-0.008940126600844004
back,-0.022852502058821673,7.00304758461821e-05,-0.05134449114790192,-0.023807963478731552,-0.04259109501968495,-0.0008312524630116945,-0.009029956943299475,-0.005948805432568405,-0.031899330980997835,0.003900080265545005,-0.04442649614305668,0.06864080670539333,0.15074934334226348,0.01657017365364783,-0.00719854077462189
expert,-0.0731119390672641,0.20900500449453296,-0.08413663484295127,-0.005700596883212091,0.03503474708766489,0.015458934227050032,-0.010787787589519265,0.0041302993498199565,0.07219510416165975,0.026295751483108643,-0.004556447688632727,-0.07553317890706088,-0.07712758338559554,-0.023190496705355477,-0.00797517573424478
point,-0.08320738875385005,-0.009822325125859978,0.118520316163756,-0.032459083458870365,-0.039226597750882844,0.06110560280733685,-0.012579838032505813,-0.08760283316198321,-0.0055775045119012,-0.12733244555416715,0.06766898870860384,0.12014277586258264,-0.029451106266535958,0.02069856734939987,0.039122871724877176
see,-0.05053004772649154,0.00746907070118717,0.0020482185951028655,0.01482081430432664,-0.07004614491546364,0.08739541750747883,-0.012434686865616386,0.007579737752206542,-0.04501040217834349,-0.05749581505475426,0.044971548554221634,0.15953562882621794,-0.02394887919877566,-0.05468666762031765,-0.009667792680978839
result,-0.027555480384405244,0.09906634647675348,0.006979788293608442,-0.0028471618691040747,0.038831070152177495,-0.045371981845986516,0.013683582789659466,-0.019310910506716582,0.04679126227797219,-0.14217637638440192,-0.039385127503090506,-0.06168620745760959,0.0739082673731292,-0.006990760591031927,0.06606368917904601
must,0.028493833559489957,0.043982270161262826,-0.011278306436214304,-8.225580456353158e-05,-0.0007091416907118582,0.114984126677095,-0.009951694550048773,0.02378484813683958,0.021332325884254797,-0.03899774136616794,-0.023720537997843308,-0.06737199701403757,-0.1085590118547951,0.035493368877626025,-0.007400086582185773
health,-0.11701251024570483,-0.0015849327123678026,-0.042771946715285176,0.12553801702317796,-0.045042365460329574,-0.10436106946124625,-0.009428186930300826,-0.07491974690515127,0.6830995596394526,-0.10601530140387153,-0.11739910745069787,-0.0837938547396437,-0.039663565756598185,-0.05962131604226028,-0.007023672839171926
project,0.17471731395778814,-0.09619122581887332,-0.0448839889068729,-0.03018624818603422,0.031199686608910083,-0.08514148381426215,0.06176890172511471,-0.0008509428352310692,-0.03418850012122134,-0.027295969764181197,0.11963510057869756,-0.004813413141040677,-0.08843766141782362,0.03256694838478742,-0.007898517249757335
high,0.005385398497148609,0.12976582774438292,-0.09561649622793532,-0.02320200113271539,-0.05317291230912787,-0.11715088940278943,-0.009458264793764814,-0.039502537632714996,0.18115439453353568,0.18470475746622256,-0.03125343778527128,0.05657356188331643,-0.034907502552051745,-0.1463720103535927,-0.006947887934642006
amount,-0.052912157250511335,0.09686309639974855,-0.033302770804514256,0.02668754527083256,-0.023874681980865405,-0.043607545039853174,-0.008739866381377259,-0.031981603828298885,-0.07758660187024932,-0.0010813798641670564,0.11138827793578648,0.13662389893107393,-0.0004280763715795794,-0.09211020265102066,-0.005937932495005145
important,-0.008877347630835194,0.020050194518102207,-0.01818597668186161,-0.0013603846432589804,0.03591630700645137,0.012313800360972856,-0.009675464994147662,-0.012048001957129203,0.04906191802609901,-0.061339984277193796,0.01641752997218424,0.024731226029328368,-0.058134757662840326,0.018533011576537847,-0.007402069642409536
vehicle,0.053936852623504145,0.12056290570735573,-0.009351292935206758,-0.01664791901075483,0.03250653658603133,0.17937314779129923,-0.006103275108467667,0.006933815251235872,0.008405326123591328,-0.014186927459206671,0.029985135367059816,-0.0867062852133093,-0.15921491342427369,-0.13523450037538315,-0.004258605923475456
dont,0.13484737684320314,-0.03334524464790786,0.03385692146265377,0.038732795921443394,-0.03853488200749219,-0.006940562130282445,-0.012372051630743737,0.015760492309112178,0.004082145082845884,-0.02294814320372059,-0.019631233599805436,0.08265584577758114,-0.04178674655648696,-0.12433493778395513,-0.01004177583644576
burning,0.04923813154635532,0.01073092111779728,-0.008648397880485078,-0.019272127736660285,0.04500368953672987,-0.01932202494595892,0.016499188287722896,0.031176935980710897,-0.05212675536125897,0.04686943868883623,-0.047767971097790476,0.03125312447209065,0.0035467683625548196,-0.0814972369672444,-0.005683684003399816
news,0.08265568894803248,0.058090935840107,-0.07958268566247295,-0.030142106110633043,-0.014394473778718863,-0.15358803852762806,-0.011252304851326805,-0.04433103223660129,-0.030996402435807188,-0.017629438115110623,0.22988076206610514,0.024005568048804427,-0.016645788446904754,-0.011159168093776147,0.015088483355930913
going,-0.10136861095508921,0.00326606808138126,-0.010831113478622116,-0.028306184956017832,-0.04464991423128488,0.11809771895527185,-0.011147869167920885,0.030480063538748943,0.09173098670604822,0.13614977319042199,-0.050460192914784645,-0.05947122927605361,0.018536794657231494,-0.08335696149591178,-0.008669328653418849
go,0.017702205160988745,-0.11954402938350905,0.046416321496406364,-0.024977934208638992,-0.03786147164508914,0.11310785514369553,0.015123618952770212,0.03245453222465068,-0.009150707405953046,0.058002133300144934,-0.04748710864463828,-0.0078833681032777,0.010409103563087437,-0.038719088404144605,-0.007592062046493123
address,-0.11045088660114688,-0.09814686612318067,0.07079443810149316,-0.00062767966219028,0.04624991119514692,-0.005859947670733189,-0.008534093838843607,-0.027770665015364782,-0.030761140591257483,0.03763436010322613,-0.06597643351339566,0.16347136038905846,0.12847338281598106,-0.11692508002786067,0.018429340439067785
another,0.015957940876963075,0.02786067271635955,0.0033619838496174426,-0.0003787822875141693,0.0022445713839919688,-0.08531127229878264,-0.009487713007507021,-0.014183742922680589,0.036715104576940195,0.14183358885539976,-0.1669810103097552,-0.06542988028744365,0.045634331163877176,0.07549178782940472,-0.007327580138870406
arctic,-0.01718024747790704,0.12744661945392258,0.018135721743448772,-0.019659578482958958,0.014247839039089978,-0.10149390259120282,-0.007870749023819481,-0.029056371862845178,0.006634754697655804,-0.02985124843847087,0.0016241000693965448,-0.06779704101430774,0.07820473550967713,0.0327400805909011,-0.00612471221257973
measure,-0.03102477925099698,0.10149907342324786,0.05943141806099554,-0.019730131355967507,-0.1053901303325385,0.110669794526006,-0.007675185168450897,-0.03064902749293603,0.05256621669114383,-0.10133245128386577,-0.023310686113934765,-0.06399715539509582,-0.008235954492376034,0.07263157078960332,-0.005452572604834743
regulation,0.040281583657089656,-0.11449302395600876,-0.0014482074411861301,-0.016909873207997556,0.13113136586755464,0.19533576258606586,-0.00551114777834835,0.0017395353884347273,0.012198086466879546,-0.034505664319359794,-0.013938201307105024,-0.044332167374076824,-0.03822085252571955,-0.10732137799789095,-0.004005818058332241
every,0.04347466970365294,0.003171660502897735,0.10559992322933046,-0.02419362152668911,0.02813476985347308,-0.043078258841692404,0.01510190938272036,-0.03982100773299457,-0.08958055553175549,0.21119391205266697,0.018489132178246895,-0.062308377720834245,-0.08689718634042112,-0.0718116532863678,-0.007475315922233988
mean,-0.024104483867023685,0.05936295396638526,0.01716372053980655,-0.021623383289512403,-0.027447270809537513,0.04912074784110134,-0.00965997875498175,0.012219955015369847,-0.005766237876276593,-0.042634230944875555,-0.02211582616684124,-0.0379187486718178,0.02581630841696369,0.03503808412462604,-0.007451609523386254
monday,-0.02429353114031843,-0.11195239972783182,0.05876524404930806,0.020555778641397095,0.020554429636821525,-0.153002588167817,-0.00848992705377452,0.047694076299670915,-0.008861043966931907,-0.014638409442614502,0.050160694034859975,0.043910513272022306,0.07419522127449561,0.011540519780631116,-0.006138577489917957
york,-0.0918713180517478,-0.0746351157901724,0.030380415710457406,0.018823585518017764,0.26927644739690176,-0.1143486139075154,-0.011618330826633636,-0.026374084979918007,-0.039699104238637324,0.044402234485936574,0.1076827276556408,0.020740793543840445,-0.056242774468124056,-0.06814965436348332,-0.008367207684562812
renewable,0.04592208816874601,-0.012877396356976,-0.04265727118425513,-0.015848897996987344,-0.02867580507475674,0.10090630372680941,-0.006422409510795451,-0.023107586628768075,-0.011780754354460759,-0.07453410445390114,0.0015532493810947198,0.023251239335540904,0.11466747958956394,-0.06573353312985321,-0.004662601511001004
produce,0.0970088364837342,-0.018106427692733757,0.0335292655880798,-0.01888355493675099,-0.007868632339061798,0.02706654209670772,0.016618216266816574,-0.03649475713910367,-0.0742423553888831,0.027417569202790624,-0.052991003427852124,-0.020188453743929472,-0.017242893303802357,0.04998614039082953,-0.005608492056841231
end,-0.09948194994665943,0.07467207678198028,-0.007738527214222346,-0.02059907134854527,-0.059619421844464206,0.05337193895684695,-0.008795323435865072,0.011633962719845339,0.02110390898496712,0.04681574009893886,0.07021710246905986,-0.03355288688545691,0.06608215442050366,-0.10767788703359447,-0.0064318167233344496
thing,0.041292934285755194,0.012622252588562652,0.027659393483894127,0.017907455793462403,-0.07332074010454424,-0.015582366628955914,-0.011885316771371408,-0.004507786859716618,-0.04211910774108165,0.19410686312754316,-0.1393002016903008,-0.04247920896509762,0.01180343103952872,-0.015839804644757115,0.03964220308707918
without,0.020531032586504475,0.09054472199071269,0.012807815539652568,0.0031356922096142464,-0.045092941194038845,0.05430403692226951,0.016182252711112687,-0.011115359526499701,-0.053275551239705225,0.019071633091205166,-0.058282280561872846,-0.031791309045067044,-0.08116741721895553,0.07055317753321903,-0.006405503798150843
put,0.054857204922774634,-0.017008029160337137,-0.01691701007217091,-0.023534350030289683,-0.046971990042306636,-0.08202799754100484,0.015179028134674668,-0.031154616451266774,-0.07209038263780627,0.029350521283028518,-0.04980569831326687,0.1056899801182399,0.17410995094204273,-0.03245942172241087,-0.0072171894299000415
developing,-0.033741809922243224,0.1204313010309755,-0.043521430318089666,-0.012630641547096476,-0.04109044290476024,-0.060746920268473316,-0.005032154398039305,-0.01434352008736477,0.004390347114088852,-0.0012412207441043475,-0.0877891587111067,0.017723338041427176,0.06758512347890928,0.09335327064949818,-0.0033460814136206606
ago,-0.023839251905029505,0.09812148539529963,-0.062366945438931745,0.0015025001096141272,-0.047196071229601684,0.030746019021681135,-0.008173903499745803,-0.04953439232782107,-0.06652466212178942,0.08018937066641468,-0.06772746414190879,0.007557374350411123,0.029647525053303925,0.05928383262493948,0.018314583443163977
risk,0.09546264891389127,-0.08512644993624073,-0.020752248996725474,-0.008383562478109412,0.07579253763753523,0.03418281841585537,0.012406885348305453,0.12303904481890937,0.20603392486468516,-0.11096187490830244,-0.08946747563411235,-0.025450624325201322,-0.1760576026285294,-0.022363372292412836,-0.008354648799547934
found,-0.02751180851571375,0.12262149116085753,-0.010552880368973979,0.02252922799599791,-0.10736666024435781,-0.10497380199926266,0.03924274509113277,0.008895712021747944,0.059432963260820836,-0.007480907067224703,-0.03854273137716597,-0.02613662325648597,0.012605897261106802,0.06442995404010769,-0.007192578002587028
evidence,-0.051175990739542446,0.10632858961854079,0.016849592751110306,0.019346109254762985,0.0600816200578161,-0.000772578226524194,0.014463567714063284,-0.0047682611902595375,0.013160535936290019,0.07181853822105022,-0.056895361687497745,-0.0862732335537958,-0.026868740068698625,-0.0916306546734526,0.016336266586137193
right,0.023202576580075133,-0.11304261043366823,0.05832119376632428,0.016748001440705026,0.10584472936002051,-0.0843361873743687,-0.010967876678604828,0.0645498911603147,-0.06360564498266892,0.0440935546085884,0.09502529426622967,-0.061815452409082795,-0.020241070162857564,-0.04476011069400295,-0.009016288447004129
proposal,0.03815372345291021,-0.09788185334690411,-0.07793312012237424,0.008160299625354426,-0.040239239056456544,0.26839748955435727,-0.0048899862830390824,-0.0298275580697391,-0.006310768133710379,-0.04035047205731699,-0.05877453595113265,-0.0008540238127592958,-0.0194363928730643,0.06528698110288411,-0.0035005440290106064
home,-0.10685505711977211,-0.04996411455543114,0.0675136384758354,-0.0313482521211526,-0.07315360914103343,-0.10155568932322999,-0.011903493532914136,-0.03473494692361859,0.11316408341267918,0.2829169623903378,0.02935674191837134,-0.04760794560894157,0.10327125490105092,-0.15426399803796337,0.015164425265782221
yet,0.019954373966422304,-0.02090239261539336,0.08613091235431994,-0.0021250203486151446,-0.027180867547520682,0.06252424204849662,-0.009654065434858559,-0.03692899811885249,-0.015060639332555813,-0.0005653770012026212,0.07041808528032131,-0.01841064205884769,-0.12172441100751391,0.02094019836456699,-0.007415398548766962
big,0.0037544090100656547,-0.0029197626627407085,-0.0453914975621186,-0.02654348853416807,-0.016375879957915413,0.01723095742108199,-0.010337171903759188,0.031049798666506048,0.057386356374776896,0.05083934521942254,-0.13926036126702432,0.09951260247939614,0.05157056690842752,-0.06246530566344192,-0.00805056852850806
call,-0.08090337958186998,-0.05838420862257869,0.2376461964499201,-0.028886865799436594,-0.024133276174925066,0.08303998426734047,-0.010068094358649884,-0.02502427023068142,-0.05793925864254603,0.013802542534140169,-0.02893504503165229,-0.060511587133993926,0.03455210227761182,0.013532597049985832,-0.007787437002664672
least,0.11334984238722584,-0.037330941228745834,-8.147109010396675e-05,-0.018881457326078804,0.0017721079069717162,-0.11531199445092447,-0.008180690449365053,0.012778456653228342,-0.0001927157744881942,-0.0035363263366839743,-0.034603276656833076,-0.031895305963293354,0.04860909836699755,0.07938688519509411,-0.005882211233000568
court,-0.12815494754226311,-0.06167045893865525,-0.052507011357579424,-0.01783784549263403,0.811481359872412,-0.20216785336341528,-0.005054844469440709,-0.027844706384744004,-0.038910119200418876,-0.042487081126340843,-0.0666276099954055,-0.04077064329572953,-0.1337752116617055,-0.014438051368803792,0.020765024324724338
real,0.057816518032213805,-0.01190138405531513,-0.02506257982445314,-0.025542548334098178,-0.05623995894993894,0.05231637496359566,-0.009733093082234112,0.04527972087477702,-0.05167956346810325,0.07996580594010819,-0.014870521197664507,-0.03870623896362679,0.07046524345882797,-0.0638211969039021,-0.008286578490185909
resource,-0.005440409907479654,-0.011857075089938083,-0.0681800384946201,-0.029444265875792432,0.08846698012654716,0.06877022905918664,-0.009969342196800696,0.0663360317482148,-0.0349156849785174,0.01838073179048194,0.0006038249457018293,0.06990661646629528,-0.0763341145306646,-0.0691322974150992,-0.007191185647515449
price,0.3479000986464414,-0.14250050151176188,-0.021691790130063768,-0.014676070628823307,-0.04149535222977854,0.022091756645274966,-0.0070297840558213144,0.02930343608603623,-0.09092806603535518,-0.026397838924830254,0.05847751696473164,-0.060492199649019994,-0.017895169384731915,-0.02960990592001948,-0.005056129872277852
utility,0.1556035945649478,-0.006971811841629632,-0.06342811505132685,0.028323576627541307,0.043436259125781695,-0.0258648438867153,-0.0062441657219999966,-0.028774877974301356,0.0024699037645046994,0.03739013098230296,-0.08086393862164279,-0.02391495234832836,0.028864203512971292,-0.055511245431557076,-0.00451371770054896
thats,-0.047648511549785,0.10065801930672964,0.02717046737090636,-0.021622762774140773,-0.013702874995888563,0.03504189181291211,-0.008842354366761274,0.03813166650157951,-0.019737351463557224,0.006414909830280781,0.04384511845416846,-0.15640329204997508,0.0023442417619317906,0.02110198685495993,-0.006751154693361127
good,-0.03523450669249734,-0.0819512129100941,0.09621465881820168,-0.024214667824860536,0.011744885660596048,0.07332587384164292,-0.010124697729151654,0.007758188956425386,-0.07519781054510957,-0.008411878862333693,-0.05187475782047828,0.022120667133194723,-0.015582496119794682,0.07493702021658119,0.016490733877677997
director,0.18471878192130822,0.10597848169622631,-0.022245709461056824,0.061623481155688734,-0.051216829392670055,-0.06106486714993198,-0.009494211356602032,-0.008520911026998635,-0.03468400415340426,0.012744207087007364,-0.012621272278439915,0.09958889665087087,-0.11603277583041563,-0.1415552858303402,-0.007217982031242082
tuesday,0.11304904345090513,-0.18558622629555643,-0.05892286492002377,0.02436263765902818,0.03309017438638767,-0.001561655518876628,-0.007350592934595871,0.03991848713295567,-0.06658629230999855,-0.00010607097775390569,-0.002349789846609998,0.0010840526263157571,0.05933889584553624,0.05713090826002955,-0.00551070655774337
methane,0.029828221211085713,0.15092971736762165,-0.05404179185226079,-0.010727603585155449,-0.06989997520450021,0.07495561896171093,-0.004729387966185615,-0.017488428838983345,0.007339173093820924,-0.03990764919851136,-0.059676918151871865,-0.030149053531211435,-0.017062683653660714,0.04363372337647582,-0.0030029620283736178
solar,0.0045747631826296735,0.1263396254911384,0.005531857169007831,-0.01597069070306504,-0.050089028650041424,0.05207425441865207,-0.00694182152292709,-0.039275421877924314,-0.03201212436496693,0.025775350211634705,-0.01750040227611654,-0.04686015705178189,-0.09931507812893642,0.09915088230843591,-0.005482008205739109
department,-0.05039205564870981,0.1147486306169935,-0.11066696481841255,0.02091935695881147,-0.003797752557553151,0.05994393817714317,-0.007972794290952896,0.09772768968632117,-0.05860779066428139,-0.029313946624365726,-0.009836818723051994,-0.08024428065958071,-0.01658509377212707,0.0798871099426189,-0.005809227622853007
know,-0.07888318720568388,0.03757376953995739,0.08940906038270822,0.061109200895142136,-0.030456112329965545,-0.045667525894444665,-0.011933507088236164,-0.05756520169390203,0.002175880185619723,0.008009273482967913,0.053775352112959314,-0.02163848388218834,0.07201110799971366,-0.09338325295305618,0.015463626448408301
event,0.0022811909948282907,0.03952477477966241,-0.09358163118708822,-0.02559762839359677,-0.03322155985599684,-0.04667109167200983,-0.010429167966347123,0.019893123282815322,0.21641160603430815,-0.11519208688959458,0.0738004039960618,0.03292593082679711,-0.07706141236315595,0.024990303240629962,-0.008072754827313849
number,-0.07998062767373833,0.04843701823686865,-0.023562470942378694,0.02356596877073934,-0.014525219476568567,-0.08386882144130044,-0.00943981457152885,-0.0554955202840449,0.14517538099055133,0.014675365352280367,-0.03698125031013835,0.05413434016325769,0.022861295320747294,0.001887252958188103,-0.006882897092934438
fact,-0.004754172169295907,-0.025392229472813412,-0.14939494595748193,-0.0040850137888318065,-0.05639314499022904,0.06864406577244882,-0.010254079852886004,-0.003946713187647607,-0.02583127835105652,-0.07347047973967802,0.005540166985244099,0.04081821841901879,0.242058746873689,0.004782646740399644,-0.008321787280880295
hurricane,0.10261962703842908,-0.017632455160917247,-0.08454945175828064,-0.018733413281475205,-0.04098744979587973,-0.10077613767544215,-0.008463357390415198,-0.0029240957796169767,0.352625937342308,-0.09846229255811831,-0.05405109984812316,0.002695869812657053,0.020589039948960698,-0.04531339802691361,-0.006637322867172579
several,-0.10235023948030467,-0.11470242741124655,0.044693099514217315,-0.0027558492607467617,0.017783711210099633,0.11119943009437523,-0.008892385854356408,-0.004130890883223547,0.013918951843995152,0.051501470229216785,-0.0179138978764593,-0.0010059760460665408,0.00908416799733992,-0.014391170452916421,0.017962006376075933
believe,0.08561089296364698,-0.09101620918191348,-0.03130254036717274,0.024793212532212904,-0.025175318781277305,-0.04835310562330972,-0.008661934807307906,0.020911275920443544,-0.0875056843633921,0.019946708753547582,0.1159534193083953,0.04801447705756225,0.0823500326328975,-0.09849605363143556,-0.0070691724128972245
legislation,0.129222100880432,-0.15676836353577844,-0.029980636840496292,-0.015451353449727945,-0.0680151444443044,0.15699623525755477,-0.005465706583633111,-0.00022695216961763988,-0.03278948013886045,-0.03292999144263066,-0.047542836197961624,0.10879655121796078,0.13747519002802144,-0.1391206456042343,-0.004198966976724975
region,0.006283275514299513,0.09522285707271018,-0.06588309180760626,-0.023206606771001507,-0.04341390474569098,0.09405796941666729,-0.009014995732152762,0.11582349955495178,0.09265769156737001,-0.012972095922232422,-0.10532650955885585,-0.08981315545921414,-0.0669829658683873,0.018582739890099755,-0.006014707150956909
tax,0.34515959801281737,-0.13961499192477297,-0.08872359433227876,-0.014450848026739092,-0.026977704539297417,-0.09116395421644477,-0.006652442377040328,-0.013803824247449702,-0.04555530670517671,-0.05777959025214011,-0.04250199632667042,0.087903839998723,0.04961414194121664,0.00034474933358559067,0.04420192366166804
institute,-0.08078357234214106,0.09792800169301112,0.10015132379531574,0.17105204049153258,-0.03188975714670045,-0.09090636564539376,0.014055383198306171,0.10982004232462134,-0.03446302682500696,-0.0685931029406436,-0.03083784318954063,-0.03535068649446742,-0.07704471272062813,-0.03511857856506876,-0.008019145633197054
european,0.11997615816545258,-0.04517364482957476,-0.0751197904186301,-0.009002863442799346,-0.037986014953420945,-0.21073550748715408,-0.0039982585459788595,-0.011405418977850844,0.030448565267275542,-0.048290704167214364,-0.0650374045391364,-0.03394685975335862,-0.015798562746824698,0.4089051624233582,-0.0028348559941434592
little,-0.037365567786626246,0.010459572949666407,-0.08014933957278823,-0.0010404795684174945,-0.04583921840827781,0.10413135560394926,-0.009357447186426483,-0.0494575120611584,-0.050118271502690895,-0.141691786358369,0.1710881567398365,0.03872474707195296,0.03846663127819847,0.05951083249093691,-0.007361673689786205
become,0.1134639273908767,-0.011718404047916995,-9.443617220647503e-05,-0.0003466986828368782,-0.03308592988970276,-0.08864303246141214,-0.009237662679717401,0.007535557793407658,0.07340850743938103,-0.014630168581610072,-0.05133885694172452,-0.028338314266980726,0.03856329635845619,0.01134150733893614,-0.006879292596949801
summer,0.05398671086882557,0.0517976494380834,-0.0324558466310594,-0.019163737889211368,-0.05049888701630829,-0.023656016138126207,-0.007789069981593621,-0.025056902191303305,0.01517193815643801,0.2682764884651682,0.00552676684647927,-0.0198334943470933,-0.11130883626658028,-0.09919964630073745,-0.005797117012981079
ton,-0.04723203171398157,0.21034186794068552,-0.02447752560683838,-0.014529631710164864,-0.00028079454747235544,-0.03586308055056481,-0.006991503857667904,-0.027539685448971694,-0.03689363212873308,-0.08320052236467702,0.0015605989614452488,-0.049374186461523285,0.06036500770797895,0.05844677180901605,-0.00433165202853024
wind,0.03538762854343042,0.11337410170664398,-0.01760755133642308,0.007933497698461354,-0.029714078343864813,0.061793991216836056,-0.007103993438829626,-0.046576839349848756,-0.04241042958197278,0.048727899039424226,-0.023957783957350338,-0.09530372830639564,-0.02310533600998327,0.02389731511298236,-0.005334692993110199
place,-0.05681591488370189,0.11169750693085036,-0.05247577198355334,0.02307230532807849,-0.023079008987910633,0.010893002011266521,0.014897672337151687,-0.004370515005549172,0.03314693234741244,0.07738286144990683,0.01912081501305616,-0.08123748129844399,0.014954114762568199,-0.10488599008384741,0.01769947206271561
model,-0.03704507994316947,0.08561742803737249,-0.018256044262459133,-0.016729500361329877,0.02721531490387734,0.1738475719990563,-0.0076967397302888756,-0.04226769760183748,-0.05207937112044861,0.19755861325208504,-0.12522062166223535,-0.05878791169788346,-0.10360606859265853,-0.017312975133865035,-0.0052369180862156944
life,-0.08922087424351377,-0.08486176100346296,0.02954385842923129,0.042314503373285885,-0.03717612354027729,0.04834589425945675,-0.011110187016307943,-0.04414799254973174,0.11407508209969713,0.19514373842598834,-0.011717968092886258,-0.023407457455356006,-0.08658030509299039,-0.03265497762412212,-0.008545429969010981
move,0.1318731774108315,-0.013161302086675573,-0.020176338256146155,-0.01847863362404649,0.007214106279480301,0.022108728276063826,-0.0070579321540385365,-0.03616453471539153,0.011853364880524526,0.033042460310263,-0.07892551377632591,-0.03522944464826523,0.0036479641693021175,0.004676054681132769,-0.005222156746708442
expected,0.014394528670908902,-0.016675294341239176,0.006194370506606579,-0.01662118546836012,-0.03984384082838353,0.017383003750141488,-0.006352812965840502,0.03369895189572055,0.02092173469729614,0.09873597182451127,-0.03872531173772608,-0.05648375323213214,0.02774948861233482,-0.04007249913907424,-0.004303352244764287
community,-0.015296601332122647,-0.13661909574660586,0.04169316990588599,0.12454515440201747,-0.026120023349128333,-0.15554778289860027,-0.011408558079841173,0.028592743718908492,0.050657993456574096,0.05845912460918725,0.07240422397633642,-0.01562199965737851,-0.022267440030123365,0.01538821489699712,-0.008859123872106033
environmentalist,0.014213448196394888,0.0014049443340551134,0.026887782320237287,-0.0012701077571524912,0.01612986801087598,0.026855607817179897,0.01709836980405052,-0.009267581972410361,-0.04181582111718507,-0.07317009899931871,-0.034240480256686336,0.10001523737450697,-0.04676301346116332,0.009519569520805378,-0.005597723814189818
activity,0.033629952191026845,-0.1488284144766164,0.04610282451569899,-0.02632829203470552,-0.025987173214564414,0.0876548620035524,0.014179444858249157,-0.033481107632140794,0.007420724626175443,-0.007494419422909455,0.005411929837914421,-0.036731595738207286,0.036533078139336456,0.055894961008249006,-0.007976774661058943
increased,0.034765252761823115,0.15748933236246246,0.004262213803595746,-0.01723102573843784,0.02681697598445985,-0.11012613542259085,-0.007357699577387706,0.14852527713420474,0.06634446591048146,-0.04814665563669275,-0.07318927142725891,-0.062375071310145046,-0.09237089399304162,-0.02234384473003197,-0.005062920121441005
higher,0.032640065840227286,0.027854404863610134,-0.01141174486424974,0.030361416663329543,-0.0528734347402711,-0.06357419586021726,-0.007447724216069051,0.06444527576944074,0.10138755235754443,-0.03199211389666687,-0.0683470026312724,-0.002683532735761434,0.020020346196355114,-0.03335902432895931,-0.00502028841703984
enough,0.08492326080939178,0.10045990638208387,0.04490704643647896,-0.019240896332922777,-0.05352829773712435,0.06894778133202943,-0.008318786741908519,-0.028937227243979586,0.0023329707973438023,-0.10364989167074176,0.012039099484130346,-0.028983606946171227,-0.04574534416742488,-0.018955562811830338,-0.006250451589354361
campaign,-0.03411606014759456,-0.20508755584014868,0.00024371871775108654,-0.006485422800701466,0.010910217429244147,-0.06485948581639402,-0.008735246277986575,0.027039395263588697,-0.05459089961049828,-0.06324946646566665,0.11185813617781452,0.13807026950499388,0.32393079893224475,-0.1678335566332646,-0.007094842433382615
challenge,0.03846569435413467,0.01981790793302397,-0.06387199460209982,-0.021357513845018064,0.07057089140321206,-0.03954508574285331,-0.008033950694899194,0.13305959797253708,-0.06252237176514792,-0.0785240177526871,0.027303697473508755,-0.009533834497576079,0.038138660408312326,-0.06253757469412179,0.018569894049673664
decision,-0.037942831234202785,-0.037025696954888,-0.032360034524087665,0.002232875749629102,0.11077510428487275,0.03914058176441669,-0.00678939026627056,0.0016022736953797785,-0.028589393982005506,0.014698864817513166,-0.022387415077105437,0.039346950607606956,0.04379888657893315,-0.08131792520111979,-0.005182850258671552
committee,0.06200944251991023,-0.15420848853662306,0.03669203812178837,0.00020716181445210093,0.06395798497121825,0.06962393157387659,-0.006745159761767369,0.017814594649495433,-0.06361691404610254,-0.07485227297079149,-0.03002027413087306,-1.3932970067210917e-05,0.13704604724220143,-0.05259538910543189,-0.005298769371287135
storm,0.027749530399887895,-0.16273587041946544,0.014907743093191083,-0.02204714122560735,-0.034534641798208414,-0.08212595393420787,-0.009672121107211664,0.06519381794056171,0.3215276653166502,0.008189812748267872,-0.0682237128948623,0.04944280187408351,-0.062059495474710166,-0.03844165089921011,-0.007170783619159363
case,-0.14027103929787646,-0.20107366400808768,0.05914050289640515,0.021640924838603793,0.31106775716028273,-0.0743040567165761,0.06504179965126361,-0.005290405107736423,0.0833892797705701,-0.02534191236127885,0.018904021010900413,-0.0027485197870787035,-0.06871489748349983,-0.034686333261388105,-0.00675345730450327
deal,-0.005256083958869855,-0.1976769079877101,-0.07645750750494391,-0.014319983513472377,-0.009335204264826643,0.01202487652445568,-0.0056258429497862954,0.033524249498915235,0.07314097267004807,0.04362008132826762,-0.05391408783968671,0.07225881365105469,0.012935171890147439,0.11944734216027572,-0.004365889703869069
law,-0.056099414773728075,-0.2123205149425581,-0.013848311291754341,-0.017618460104843768,0.21797953076870777,0.14948600651410787,-0.006681390223191943,-0.03449617695129047,-0.06383849054074357,-0.01944762972182345,-0.017563457988974372,0.09139726672598938,0.09406563582782583,-0.10599364094723454,-0.005020952350487967
half,-0.08412994563908212,0.02783489457420564,-0.030185340021454166,-0.018956855720866184,-0.03156028957742388,0.06978372864099805,-0.007815945906240762,-0.06290069546339391,0.0007220066824486575,0.11954559961953524,0.042643939999961696,-0.03756921123564544,0.02057883837559672,-0.002493486356560479,-0.005497237972078851
nuclear,-0.0794569453269825,0.06145542587726522,-0.12107357640430969,0.049279034200253806,-0.04127340504494323,0.12387043694559707,-0.007026568944222089,0.0224854657302398,-0.039452257911829,-0.046936974512513795,0.05766953265681151,0.12635487178750365,-0.0722119929541131,-0.02825329088356256,-0.0054297552151953525
per,-0.05620953153490115,0.007870848705012522,0.014840002945205131,0.010040087928934054,-0.052329350362959506,0.051986991283005726,-0.007061362341682727,-0.022857294635842674,0.009098527016010475,-0.060638549039895615,0.00042579360223819166,0.18507603382749946,-0.03779815886116226,-0.037877549696688544,-0.004566488834773099
current,0.049930104340744,0.02893565247781261,-0.0031600602366167927,-0.017047182367641463,-0.012156462559349848,0.11299821677297875,-0.0070417060164904,-0.001749923869978694,-0.048590204262623296,0.01001144434838015,-0.031658342894626955,-0.021400446270996333,-0.003273351982308325,-0.050515315126123214,-0.005282422353160161
extreme,0.0572374627878849,0.08369278736227902,-0.024409528492035242,-0.020849701871467546,-0.017283870744717156,-0.061056750295241546,-0.00916131046471271,0.016043291783294965,0.07143837665502153,-0.056874165265072864,-0.026336241610290242,0.018724490964182296,-0.06817355422096677,-0.0053943642132845545,0.042403077625126254
used,-0.05276887223221032,0.12655724255356268,-0.004812758646654163,-0.02213453263311502,0.08874160793637902,-0.11098673442993907,-0.008523741367313166,-0.03369942681423143,-0.09244321361311211,0.10172743568051537,0.02906028934331761,0.00929514084213472,-0.003217828369791925,-0.020634508733061024,-0.006160099516481076
job,0.08694179743980407,0.014463907218728804,-0.11664684259354191,0.0017429745390409746,-0.05397982107533657,0.06169850816282081,-0.007730073254041652,-0.017549145947559394,-0.08623780590689556,-0.005918585285129575,0.02215033439833203,0.025089661528876574,0.07267088852941994,0.009396640279255974,-0.006092438033774943
meet,-0.01548947514835889,0.028719598440324685,-0.03896389400150065,-0.012673629078787461,-0.0033780459553220408,-0.002381970675027262,-0.005147266953219594,0.024116792096374247,-0.040211758673325666,-0.018554654074095255,-0.04104545991500154,-0.0013297660028289738,0.03876793694619252,0.09111104916224663,-0.003539456167671064
